OCC_CODE,AREA,AREA_TITLE,AREA_TYPE,PRIM_STATE,NAICS,NAICS_TITLE,I_GROUP,OWN_CODE
00-0000,99,U.S.,1,US,0,Cross-industry,cross-industry,1235
11-0000,99,U.S.,1,US,0,Cross-industry,cross-industry,1235
11-1000,99,U.S.,1,US,0,Cross-industry,cross-industry,1235
11-1010,99,U.S.,1,US,0,Cross-industry,cross-industry,1235
11-1011,99,U.S.,1,US,0,Cross-industry,cross-industry,1235
11-1020,99,U.S.,1,US,0,Cross-industry,cross-industry,1235
11-1021,99,U.S.,1,US,0,Cross-industry,cross-industry,1235
11-1030,99,U.S.,1,US,0,Cross-industry,cross-industry,1235
11-1031,99,U.S.,1,US,0,Cross-industry,cross-industry,1235
11-2000,99,U.S.,1,US,0,Cross-industry,cross-industry,1235
11-2010,99,U.S.,1,US,0,Cross-industry,cross-industry,1235
11-2011,99,U.S.,1,US,0,Cross-industry,cross-industry,1235
11-2020,99,U.S.,1,US,0,Cross-industry,cross-industry,1235
11-2021,99,U.S.,1,US,0,Cross-industry,cross-industry,1235
11-2022,99,U.S.,1,US,0,Cross-industry,cross-industry,1235
11-2030,99,U.S.,1,US,0,Cross-industry,cross-industry,1235
11-2032,99,U.S.,1,US,0,Cross-industry,cross-industry,1235
11-2033,99,U.S.,1,US,0,Cross-industry,cross-industry,1235
11-3000,99,U.S.,1,US,0,Cross-industry,cross-industry,1235
11-3010,99,U.S.,1,US,0,Cross-industry,cross-industry,1235
11-3012,99,U.S.,1,US,0,Cross-industry,cross-industry,1235
11-3013,99,U.S.,1,US,0,Cross-industry,cross-industry,1235
11-3020,99,U.S.,1,US,0,Cross-industry,cross-industry,1235
11-3021,99,U.S.,1,US,0,Cross-industry,cross-industry,1235
11-3030,99,U.S.,1,US,0,Cross-industry,cross-industry,1235
11-3031,99,U.S.,1,US,0,Cross-industry,cross-industry,1235
11-3050,99,U.S.,1,US,0,Cross-industry,cross-industry,1235
11-3051,99,U.S.,1,US,0,Cross-industry,cross-industry,1235
11-3060,99,U.S.,1,US,0,Cross-industry,cross-industry,1235
11-3061,99,U.S.,1,US,0,Cross-industry,cross-industry,1235
11-3070,99,U.S.,1,US,0,Cross-industry,cross-industry,1235
11-3071,99,U.S.,1,US,0,Cross-industry,cross-industry,1235
11-3110,99,U.S.,1,US,0,Cross-industry,cross-industry,1235
11-3111,99,U.S.,1,US,0,Cross-industry,cross-industry,1235
11-3120,99,U.S.,1,US,0,Cross-industry,cross-industry,1235
11-3121,99,U.S.,1,US,0,Cross-industry,cross-industry,1235
11-3130,99,U.S.,1,US,0,Cross-industry,cross-industry,1235
11-3131,99,U.S.,1,US,0,Cross-industry,cross-industry,1235
11-9000,99,U.S.,1,US,0,Cross-industry,cross-industry,1235
11-9010,99,U.S.,1,US,0,Cross-industry,cross-industry,1235
11-9013,99,U.S.,1,US,0,Cross-industry,cross-industry,1235
11-9020,99,U.S.,1,US,0,Cross-industry,cross-industry,1235
11-9021,99,U.S.,1,US,0,Cross-industry,cross-industry,1235
11-9030,99,U.S.,1,US,0,Cross-industry,cross-industry,1235
11-9031,99,U.S.,1,US,0,Cross-industry,cross-industry,1235
11-9032,99,U.S.,1,US,0,Cross-industry,cross-industry,1235
11-9033,99,U.S.,1,US,0,Cross-industry,cross-industry,1235
11-9039,99,U.S.,1,US,0,Cross-industry,cross-industry,1235
11-9040,99,U.S.,1,US,0,Cross-industry,cross-industry,1235
11-9041,99,U.S.,1,US,0,Cross-industry,cross-industry,1235
11-9050,99,U.S.,1,US,0,Cross-industry,cross-industry,1235
11-9051,99,U.S.,1,US,0,Cross-industry,cross-industry,1235
11-9070,99,U.S.,1,US,0,Cross-industry,cross-industry,1235
11-9071,99,U.S.,1,US,0,Cross-industry,cross-industry,1235
11-9072,99,U.S.,1,US,0,Cross-industry,cross-industry,1235
11-9080,99,U.S.,1,US,0,Cross-industry,cross-industry,1235
11-9081,99,U.S.,1,US,0,Cross-industry,cross-industry,1235
11-9110,99,U.S.,1,US,0,Cross-industry,cross-industry,1235
11-9111,99,U.S.,1,US,0,Cross-industry,cross-industry,1235
11-9120,99,U.S.,1,US,0,Cross-industry,cross-industry,1235
11-9121,99,U.S.,1,US,0,Cross-industry,cross-industry,1235
11-9130,99,U.S.,1,US,0,Cross-industry,cross-industry,1235
11-9131,99,U.S.,1,US,0,Cross-industry,cross-industry,1235
11-9140,99,U.S.,1,US,0,Cross-industry,cross-industry,1235
11-9141,99,U.S.,1,US,0,Cross-industry,cross-industry,1235
11-9150,99,U.S.,1,US,0,Cross-industry,cross-industry,1235
11-9151,99,U.S.,1,US,0,Cross-industry,cross-industry,1235
11-9160,99,U.S.,1,US,0,Cross-industry,cross-industry,1235
11-9161,99,U.S.,1,US,0,Cross-industry,cross-industry,1235
11-9170,99,U.S.,1,US,0,Cross-industry,cross-industry,1235
11-9171,99,U.S.,1,US,0,Cross-industry,cross-industry,1235
11-9179,99,U.S.,1,US,0,Cross-industry,cross-industry,1235
11-9190,99,U.S.,1,US,0,Cross-industry,cross-industry,1235
11-9199,99,U.S.,1,US,0,Cross-industry,cross-industry,1235
13-0000,99,U.S.,1,US,0,Cross-industry,cross-industry,1235
13-1000,99,U.S.,1,US,0,Cross-industry,cross-industry,1235
13-1010,99,U.S.,1,US,0,Cross-industry,cross-industry,1235
13-1011,99,U.S.,1,US,0,Cross-industry,cross-industry,1235
13-1020,99,U.S.,1,US,0,Cross-industry,cross-industry,1235
13-1020,99,U.S.,1,US,0,Cross-industry,cross-industry,1235
13-1030,99,U.S.,1,US,0,Cross-industry,cross-industry,1235
13-1031,99,U.S.,1,US,0,Cross-industry,cross-industry,1235
13-1032,99,U.S.,1,US,0,Cross-industry,cross-industry,1235
13-1040,99,U.S.,1,US,0,Cross-industry,cross-industry,1235
13-1041,99,U.S.,1,US,0,Cross-industry,cross-industry,1235
13-1050,99,U.S.,1,US,0,Cross-industry,cross-industry,1235
13-1051,99,U.S.,1,US,0,Cross-industry,cross-industry,1235
13-1070,99,U.S.,1,US,0,Cross-industry,cross-industry,1235
13-1071,99,U.S.,1,US,0,Cross-industry,cross-industry,1235
13-1074,99,U.S.,1,US,0,Cross-industry,cross-industry,1235
13-1075,99,U.S.,1,US,0,Cross-industry,cross-industry,1235
13-1080,99,U.S.,1,US,0,Cross-industry,cross-industry,1235
13-1081,99,U.S.,1,US,0,Cross-industry,cross-industry,1235
13-1082,99,U.S.,1,US,0,Cross-industry,cross-industry,1235
13-1110,99,U.S.,1,US,0,Cross-industry,cross-industry,1235
13-1111,99,U.S.,1,US,0,Cross-industry,cross-industry,1235
13-1120,99,U.S.,1,US,0,Cross-industry,cross-industry,1235
13-1121,99,U.S.,1,US,0,Cross-industry,cross-industry,1235
13-1130,99,U.S.,1,US,0,Cross-industry,cross-industry,1235
13-1131,99,U.S.,1,US,0,Cross-industry,cross-industry,1235
13-1140,99,U.S.,1,US,0,Cross-industry,cross-industry,1235
13-1141,99,U.S.,1,US,0,Cross-industry,cross-industry,1235
13-1150,99,U.S.,1,US,0,Cross-industry,cross-industry,1235
13-1151,99,U.S.,1,US,0,Cross-industry,cross-industry,1235
13-1160,99,U.S.,1,US,0,Cross-industry,cross-industry,1235
13-1161,99,U.S.,1,US,0,Cross-industry,cross-industry,1235
13-1190,99,U.S.,1,US,0,Cross-industry,cross-industry,1235
13-1199,99,U.S.,1,US,0,Cross-industry,cross-industry,1235
13-2000,99,U.S.,1,US,0,Cross-industry,cross-industry,1235
13-2010,99,U.S.,1,US,0,Cross-industry,cross-industry,1235
13-2011,99,U.S.,1,US,0,Cross-industry,cross-industry,1235
13-2020,99,U.S.,1,US,0,Cross-industry,cross-industry,1235
13-2020,99,U.S.,1,US,0,Cross-industry,cross-industry,1235
13-2030,99,U.S.,1,US,0,Cross-industry,cross-industry,1235
13-2031,99,U.S.,1,US,0,Cross-industry,cross-industry,1235
13-2040,99,U.S.,1,US,0,Cross-industry,cross-industry,1235
13-2041,99,U.S.,1,US,0,Cross-industry,cross-industry,1235
13-2050,99,U.S.,1,US,0,Cross-industry,cross-industry,1235
13-2051,99,U.S.,1,US,0,Cross-industry,cross-industry,1235
13-2052,99,U.S.,1,US,0,Cross-industry,cross-industry,1235
13-2053,99,U.S.,1,US,0,Cross-industry,cross-industry,1235
13-2054,99,U.S.,1,US,0,Cross-industry,cross-industry,1235
13-2060,99,U.S.,1,US,0,Cross-industry,cross-industry,1235
13-2061,99,U.S.,1,US,0,Cross-industry,cross-industry,1235
13-2070,99,U.S.,1,US,0,Cross-industry,cross-industry,1235
13-2071,99,U.S.,1,US,0,Cross-industry,cross-industry,1235
13-2072,99,U.S.,1,US,0,Cross-industry,cross-industry,1235
13-2080,99,U.S.,1,US,0,Cross-industry,cross-industry,1235
13-2081,99,U.S.,1,US,0,Cross-industry,cross-industry,1235
13-2082,99,U.S.,1,US,0,Cross-industry,cross-industry,1235
13-2090,99,U.S.,1,US,0,Cross-industry,cross-industry,1235
13-2099,99,U.S.,1,US,0,Cross-industry,cross-industry,1235
15-0000,99,U.S.,1,US,0,Cross-industry,cross-industry,1235
15-1200,99,U.S.,1,US,0,Cross-industry,cross-industry,1235
15-1210,99,U.S.,1,US,0,Cross-industry,cross-industry,1235
15-1211,99,U.S.,1,US,0,Cross-industry,cross-industry,1235
15-1212,99,U.S.,1,US,0,Cross-industry,cross-industry,1235
15-1220,99,U.S.,1,US,0,Cross-industry,cross-industry,1235
15-1221,99,U.S.,1,US,0,Cross-industry,cross-industry,1235
15-1230,99,U.S.,1,US,0,Cross-industry,cross-industry,1235
15-1231,99,U.S.,1,US,0,Cross-industry,cross-industry,1235
15-1232,99,U.S.,1,US,0,Cross-industry,cross-industry,1235
15-1240,99,U.S.,1,US,0,Cross-industry,cross-industry,1235
15-1241,99,U.S.,1,US,0,Cross-industry,cross-industry,1235
15-1242,99,U.S.,1,US,0,Cross-industry,cross-industry,1235
15-1243,99,U.S.,1,US,0,Cross-industry,cross-industry,1235
15-1244,99,U.S.,1,US,0,Cross-industry,cross-industry,1235
15-1250,99,U.S.,1,US,0,Cross-industry,cross-industry,1235
15-1251,99,U.S.,1,US,0,Cross-industry,cross-industry,1235
15-1252,99,U.S.,1,US,0,Cross-industry,cross-industry,1235
15-1253,99,U.S.,1,US,0,Cross-industry,cross-industry,1235
15-1254,99,U.S.,1,US,0,Cross-industry,cross-industry,1235
15-1255,99,U.S.,1,US,0,Cross-industry,cross-industry,1235
15-1290,99,U.S.,1,US,0,Cross-industry,cross-industry,1235
15-1299,99,U.S.,1,US,0,Cross-industry,cross-industry,1235
15-2000,99,U.S.,1,US,0,Cross-industry,cross-industry,1235
15-2010,99,U.S.,1,US,0,Cross-industry,cross-industry,1235
15-2011,99,U.S.,1,US,0,Cross-industry,cross-industry,1235
15-2020,99,U.S.,1,US,0,Cross-industry,cross-industry,1235
15-2021,99,U.S.,1,US,0,Cross-industry,cross-industry,1235
15-2030,99,U.S.,1,US,0,Cross-industry,cross-industry,1235
15-2031,99,U.S.,1,US,0,Cross-industry,cross-industry,1235
15-2040,99,U.S.,1,US,0,Cross-industry,cross-industry,1235
15-2041,99,U.S.,1,US,0,Cross-industry,cross-industry,1235
15-2050,99,U.S.,1,US,0,Cross-industry,cross-industry,1235
15-2051,99,U.S.,1,US,0,Cross-industry,cross-industry,1235
15-2090,99,U.S.,1,US,0,Cross-industry,cross-industry,1235
15-2099,99,U.S.,1,US,0,Cross-industry,cross-industry,1235
17-0000,99,U.S.,1,US,0,Cross-industry,cross-industry,1235
17-1000,99,U.S.,1,US,0,Cross-industry,cross-industry,1235
17-1010,99,U.S.,1,US,0,Cross-industry,cross-industry,1235
17-1011,99,U.S.,1,US,0,Cross-industry,cross-industry,1235
17-1012,99,U.S.,1,US,0,Cross-industry,cross-industry,1235
17-1020,99,U.S.,1,US,0,Cross-industry,cross-industry,1235
17-1021,99,U.S.,1,US,0,Cross-industry,cross-industry,1235
17-1022,99,U.S.,1,US,0,Cross-industry,cross-industry,1235
17-2000,99,U.S.,1,US,0,Cross-industry,cross-industry,1235
17-2010,99,U.S.,1,US,0,Cross-industry,cross-industry,1235
17-2011,99,U.S.,1,US,0,Cross-industry,cross-industry,1235
17-2020,99,U.S.,1,US,0,Cross-industry,cross-industry,1235
17-2021,99,U.S.,1,US,0,Cross-industry,cross-industry,1235
17-2030,99,U.S.,1,US,0,Cross-industry,cross-industry,1235
17-2031,99,U.S.,1,US,0,Cross-industry,cross-industry,1235
17-2040,99,U.S.,1,US,0,Cross-industry,cross-industry,1235
17-2041,99,U.S.,1,US,0,Cross-industry,cross-industry,1235
17-2050,99,U.S.,1,US,0,Cross-industry,cross-industry,1235
17-2051,99,U.S.,1,US,0,Cross-industry,cross-industry,1235
17-2060,99,U.S.,1,US,0,Cross-industry,cross-industry,1235
17-2061,99,U.S.,1,US,0,Cross-industry,cross-industry,1235
17-2070,99,U.S.,1,US,0,Cross-industry,cross-industry,1235
17-2071,99,U.S.,1,US,0,Cross-industry,cross-industry,1235
17-2072,99,U.S.,1,US,0,Cross-industry,cross-industry,1235
17-2080,99,U.S.,1,US,0,Cross-industry,cross-industry,1235
17-2081,99,U.S.,1,US,0,Cross-industry,cross-industry,1235
17-2110,99,U.S.,1,US,0,Cross-industry,cross-industry,1235
17-2111,99,U.S.,1,US,0,Cross-industry,cross-industry,1235
17-2112,99,U.S.,1,US,0,Cross-industry,cross-industry,1235
17-2120,99,U.S.,1,US,0,Cross-industry,cross-industry,1235
17-2121,99,U.S.,1,US,0,Cross-industry,cross-industry,1235
17-2130,99,U.S.,1,US,0,Cross-industry,cross-industry,1235
17-2131,99,U.S.,1,US,0,Cross-industry,cross-industry,1235
17-2140,99,U.S.,1,US,0,Cross-industry,cross-industry,1235
17-2141,99,U.S.,1,US,0,Cross-industry,cross-industry,1235
17-2150,99,U.S.,1,US,0,Cross-industry,cross-industry,1235
17-2151,99,U.S.,1,US,0,Cross-industry,cross-industry,1235
17-2160,99,U.S.,1,US,0,Cross-industry,cross-industry,1235
17-2161,99,U.S.,1,US,0,Cross-industry,cross-industry,1235
17-2170,99,U.S.,1,US,0,Cross-industry,cross-industry,1235
17-2171,99,U.S.,1,US,0,Cross-industry,cross-industry,1235
17-2190,99,U.S.,1,US,0,Cross-industry,cross-industry,1235
17-2199,99,U.S.,1,US,0,Cross-industry,cross-industry,1235
17-3000,99,U.S.,1,US,0,Cross-industry,cross-industry,1235
17-3010,99,U.S.,1,US,0,Cross-industry,cross-industry,1235
17-3011,99,U.S.,1,US,0,Cross-industry,cross-industry,1235
17-3012,99,U.S.,1,US,0,Cross-industry,cross-industry,1235
17-3013,99,U.S.,1,US,0,Cross-industry,cross-industry,1235
17-3019,99,U.S.,1,US,0,Cross-industry,cross-industry,1235
17-3020,99,U.S.,1,US,0,Cross-industry,cross-industry,1235
17-3021,99,U.S.,1,US,0,Cross-industry,cross-industry,1235
17-3022,99,U.S.,1,US,0,Cross-industry,cross-industry,1235
17-3023,99,U.S.,1,US,0,Cross-industry,cross-industry,1235
17-3024,99,U.S.,1,US,0,Cross-industry,cross-industry,1235
17-3025,99,U.S.,1,US,0,Cross-industry,cross-industry,1235
17-3026,99,U.S.,1,US,0,Cross-industry,cross-industry,1235
17-3027,99,U.S.,1,US,0,Cross-industry,cross-industry,1235
17-3028,99,U.S.,1,US,0,Cross-industry,cross-industry,1235
17-3029,99,U.S.,1,US,0,Cross-industry,cross-industry,1235
17-3030,99,U.S.,1,US,0,Cross-industry,cross-industry,1235
17-3031,99,U.S.,1,US,0,Cross-industry,cross-industry,1235
19-0000,99,U.S.,1,US,0,Cross-industry,cross-industry,1235
19-1000,99,U.S.,1,US,0,Cross-industry,cross-industry,1235
19-1010,99,U.S.,1,US,0,Cross-industry,cross-industry,1235
19-1011,99,U.S.,1,US,0,Cross-industry,cross-industry,1235
19-1012,99,U.S.,1,US,0,Cross-industry,cross-industry,1235
19-1013,99,U.S.,1,US,0,Cross-industry,cross-industry,1235
19-1020,99,U.S.,1,US,0,Cross-industry,cross-industry,1235
19-1021,99,U.S.,1,US,0,Cross-industry,cross-industry,1235
19-1022,99,U.S.,1,US,0,Cross-industry,cross-industry,1235
19-1023,99,U.S.,1,US,0,Cross-industry,cross-industry,1235
19-1029,99,U.S.,1,US,0,Cross-industry,cross-industry,1235
19-1030,99,U.S.,1,US,0,Cross-industry,cross-industry,1235
19-1031,99,U.S.,1,US,0,Cross-industry,cross-industry,1235
19-1032,99,U.S.,1,US,0,Cross-industry,cross-industry,1235
19-1040,99,U.S.,1,US,0,Cross-industry,cross-industry,1235
19-1041,99,U.S.,1,US,0,Cross-industry,cross-industry,1235
19-1042,99,U.S.,1,US,0,Cross-industry,cross-industry,1235
19-1090,99,U.S.,1,US,0,Cross-industry,cross-industry,1235
19-1099,99,U.S.,1,US,0,Cross-industry,cross-industry,1235
19-2000,99,U.S.,1,US,0,Cross-industry,cross-industry,1235
19-2010,99,U.S.,1,US,0,Cross-industry,cross-industry,1235
19-2011,99,U.S.,1,US,0,Cross-industry,cross-industry,1235
19-2012,99,U.S.,1,US,0,Cross-industry,cross-industry,1235
19-2020,99,U.S.,1,US,0,Cross-industry,cross-industry,1235
19-2021,99,U.S.,1,US,0,Cross-industry,cross-industry,1235
19-2030,99,U.S.,1,US,0,Cross-industry,cross-industry,1235
19-2031,99,U.S.,1,US,0,Cross-industry,cross-industry,1235
19-2032,99,U.S.,1,US,0,Cross-industry,cross-industry,1235
19-2040,99,U.S.,1,US,0,Cross-industry,cross-industry,1235
19-2041,99,U.S.,1,US,0,Cross-industry,cross-industry,1235
19-2042,99,U.S.,1,US,0,Cross-industry,cross-industry,1235
19-2043,99,U.S.,1,US,0,Cross-industry,cross-industry,1235
19-2090,99,U.S.,1,US,0,Cross-industry,cross-industry,1235
19-2099,99,U.S.,1,US,0,Cross-industry,cross-industry,1235
19-3000,99,U.S.,1,US,0,Cross-industry,cross-industry,1235
19-3010,99,U.S.,1,US,0,Cross-industry,cross-industry,1235
19-3011,99,U.S.,1,US,0,Cross-industry,cross-industry,1235
19-3020,99,U.S.,1,US,0,Cross-industry,cross-industry,1235
19-3022,99,U.S.,1,US,0,Cross-industry,cross-industry,1235
19-3030,99,U.S.,1,US,0,Cross-industry,cross-industry,1235
19-3032,99,U.S.,1,US,0,Cross-industry,cross-industry,1235
19-3033,99,U.S.,1,US,0,Cross-industry,cross-industry,1235
19-3034,99,U.S.,1,US,0,Cross-industry,cross-industry,1235
19-3039,99,U.S.,1,US,0,Cross-industry,cross-industry,1235
19-3040,99,U.S.,1,US,0,Cross-industry,cross-industry,1235
19-3041,99,U.S.,1,US,0,Cross-industry,cross-industry,1235
19-3050,99,U.S.,1,US,0,Cross-industry,cross-industry,1235
19-3051,99,U.S.,1,US,0,Cross-industry,cross-industry,1235
19-3090,99,U.S.,1,US,0,Cross-industry,cross-industry,1235
19-3091,99,U.S.,1,US,0,Cross-industry,cross-industry,1235
19-3092,99,U.S.,1,US,0,Cross-industry,cross-industry,1235
19-3093,99,U.S.,1,US,0,Cross-industry,cross-industry,1235
19-3094,99,U.S.,1,US,0,Cross-industry,cross-industry,1235
19-3099,99,U.S.,1,US,0,Cross-industry,cross-industry,1235
19-4000,99,U.S.,1,US,0,Cross-industry,cross-industry,1235
19-4010,99,U.S.,1,US,0,Cross-industry,cross-industry,1235
19-4012,99,U.S.,1,US,0,Cross-industry,cross-industry,1235
19-4013,99,U.S.,1,US,0,Cross-industry,cross-industry,1235
19-4020,99,U.S.,1,US,0,Cross-industry,cross-industry,1235
19-4021,99,U.S.,1,US,0,Cross-industry,cross-industry,1235
19-4030,99,U.S.,1,US,0,Cross-industry,cross-industry,1235
19-4031,99,U.S.,1,US,0,Cross-industry,cross-industry,1235
19-4040,99,U.S.,1,US,0,Cross-industry,cross-industry,1235
19-4042,99,U.S.,1,US,0,Cross-industry,cross-industry,1235
19-4043,99,U.S.,1,US,0,Cross-industry,cross-industry,1235
19-4044,99,U.S.,1,US,0,Cross-industry,cross-industry,1235
19-4050,99,U.S.,1,US,0,Cross-industry,cross-industry,1235
19-4051,99,U.S.,1,US,0,Cross-industry,cross-industry,1235
19-4060,99,U.S.,1,US,0,Cross-industry,cross-industry,1235
19-4061,99,U.S.,1,US,0,Cross-industry,cross-industry,1235
19-4070,99,U.S.,1,US,0,Cross-industry,cross-industry,1235
19-4071,99,U.S.,1,US,0,Cross-industry,cross-industry,1235
19-4090,99,U.S.,1,US,0,Cross-industry,cross-industry,1235
19-4092,99,U.S.,1,US,0,Cross-industry,cross-industry,1235
19-4099,99,U.S.,1,US,0,Cross-industry,cross-industry,1235
19-5000,99,U.S.,1,US,0,Cross-industry,cross-industry,1235
19-5010,99,U.S.,1,US,0,Cross-industry,cross-industry,1235
19-5011,99,U.S.,1,US,0,Cross-industry,cross-industry,1235
19-5012,99,U.S.,1,US,0,Cross-industry,cross-industry,1235
21-0000,99,U.S.,1,US,0,Cross-industry,cross-industry,1235
21-1000,99,U.S.,1,US,0,Cross-industry,cross-industry,1235
21-1010,99,U.S.,1,US,0,Cross-industry,cross-industry,1235
21-1012,99,U.S.,1,US,0,Cross-industry,cross-industry,1235
21-1013,99,U.S.,1,US,0,Cross-industry,cross-industry,1235
21-1015,99,U.S.,1,US,0,Cross-industry,cross-industry,1235
21-1018,99,U.S.,1,US,0,Cross-industry,cross-industry,1235
21-1019,99,U.S.,1,US,0,Cross-industry,cross-industry,1235
21-1020,99,U.S.,1,US,0,Cross-industry,cross-industry,1235
21-1021,99,U.S.,1,US,0,Cross-industry,cross-industry,1235
21-1022,99,U.S.,1,US,0,Cross-industry,cross-industry,1235
21-1023,99,U.S.,1,US,0,Cross-industry,cross-industry,1235
21-1029,99,U.S.,1,US,0,Cross-industry,cross-industry,1235
21-1090,99,U.S.,1,US,0,Cross-industry,cross-industry,1235
21-1091,99,U.S.,1,US,0,Cross-industry,cross-industry,1235
21-1092,99,U.S.,1,US,0,Cross-industry,cross-industry,1235
21-1093,99,U.S.,1,US,0,Cross-industry,cross-industry,1235
21-1094,99,U.S.,1,US,0,Cross-industry,cross-industry,1235
21-1099,99,U.S.,1,US,0,Cross-industry,cross-industry,1235
21-2000,99,U.S.,1,US,0,Cross-industry,cross-industry,1235
21-2010,99,U.S.,1,US,0,Cross-industry,cross-industry,1235
21-2011,99,U.S.,1,US,0,Cross-industry,cross-industry,1235
21-2020,99,U.S.,1,US,0,Cross-industry,cross-industry,1235
21-2021,99,U.S.,1,US,0,Cross-industry,cross-industry,1235
21-2090,99,U.S.,1,US,0,Cross-industry,cross-industry,1235
21-2099,99,U.S.,1,US,0,Cross-industry,cross-industry,1235
23-0000,99,U.S.,1,US,0,Cross-industry,cross-industry,1235
23-1000,99,U.S.,1,US,0,Cross-industry,cross-industry,1235
23-1010,99,U.S.,1,US,0,Cross-industry,cross-industry,1235
23-1011,99,U.S.,1,US,0,Cross-industry,cross-industry,1235
23-1012,99,U.S.,1,US,0,Cross-industry,cross-industry,1235
23-1020,99,U.S.,1,US,0,Cross-industry,cross-industry,1235
23-1021,99,U.S.,1,US,0,Cross-industry,cross-industry,1235
23-1022,99,U.S.,1,US,0,Cross-industry,cross-industry,1235
23-1023,99,U.S.,1,US,0,Cross-industry,cross-industry,1235
23-2000,99,U.S.,1,US,0,Cross-industry,cross-industry,1235
23-2010,99,U.S.,1,US,0,Cross-industry,cross-industry,1235
23-2011,99,U.S.,1,US,0,Cross-industry,cross-industry,1235
23-2090,99,U.S.,1,US,0,Cross-industry,cross-industry,1235
23-2093,99,U.S.,1,US,0,Cross-industry,cross-industry,1235
23-2099,99,U.S.,1,US,0,Cross-industry,cross-industry,1235
25-0000,99,U.S.,1,US,0,Cross-industry,cross-industry,1235
25-1000,99,U.S.,1,US,0,Cross-industry,cross-industry,1235
25-1010,99,U.S.,1,US,0,Cross-industry,cross-industry,1235
25-1011,99,U.S.,1,US,0,Cross-industry,cross-industry,1235
25-1020,99,U.S.,1,US,0,Cross-industry,cross-industry,1235
25-1021,99,U.S.,1,US,0,Cross-industry,cross-industry,1235
25-1022,99,U.S.,1,US,0,Cross-industry,cross-industry,1235
25-1030,99,U.S.,1,US,0,Cross-industry,cross-industry,1235
25-1031,99,U.S.,1,US,0,Cross-industry,cross-industry,1235
25-1032,99,U.S.,1,US,0,Cross-industry,cross-industry,1235
25-1040,99,U.S.,1,US,0,Cross-industry,cross-industry,1235
25-1041,99,U.S.,1,US,0,Cross-industry,cross-industry,1235
25-1042,99,U.S.,1,US,0,Cross-industry,cross-industry,1235
25-1043,99,U.S.,1,US,0,Cross-industry,cross-industry,1235
25-1050,99,U.S.,1,US,0,Cross-industry,cross-industry,1235
25-1051,99,U.S.,1,US,0,Cross-industry,cross-industry,1235
25-1052,99,U.S.,1,US,0,Cross-industry,cross-industry,1235
25-1053,99,U.S.,1,US,0,Cross-industry,cross-industry,1235
25-1054,99,U.S.,1,US,0,Cross-industry,cross-industry,1235
25-1060,99,U.S.,1,US,0,Cross-industry,cross-industry,1235
25-1061,99,U.S.,1,US,0,Cross-industry,cross-industry,1235
25-1062,99,U.S.,1,US,0,Cross-industry,cross-industry,1235
25-1063,99,U.S.,1,US,0,Cross-industry,cross-industry,1235
25-1064,99,U.S.,1,US,0,Cross-industry,cross-industry,1235
25-1065,99,U.S.,1,US,0,Cross-industry,cross-industry,1235
25-1066,99,U.S.,1,US,0,Cross-industry,cross-industry,1235
25-1067,99,U.S.,1,US,0,Cross-industry,cross-industry,1235
25-1069,99,U.S.,1,US,0,Cross-industry,cross-industry,1235
25-1070,99,U.S.,1,US,0,Cross-industry,cross-industry,1235
25-1071,99,U.S.,1,US,0,Cross-industry,cross-industry,1235
25-1072,99,U.S.,1,US,0,Cross-industry,cross-industry,1235
25-1080,99,U.S.,1,US,0,Cross-industry,cross-industry,1235
25-1081,99,U.S.,1,US,0,Cross-industry,cross-industry,1235
25-1082,99,U.S.,1,US,0,Cross-industry,cross-industry,1235
25-1110,99,U.S.,1,US,0,Cross-industry,cross-industry,1235
25-1111,99,U.S.,1,US,0,Cross-industry,cross-industry,1235
25-1112,99,U.S.,1,US,0,Cross-industry,cross-industry,1235
25-1113,99,U.S.,1,US,0,Cross-industry,cross-industry,1235
25-1120,99,U.S.,1,US,0,Cross-industry,cross-industry,1235
25-1121,99,U.S.,1,US,0,Cross-industry,cross-industry,1235
25-1122,99,U.S.,1,US,0,Cross-industry,cross-industry,1235
25-1123,99,U.S.,1,US,0,Cross-industry,cross-industry,1235
25-1124,99,U.S.,1,US,0,Cross-industry,cross-industry,1235
25-1125,99,U.S.,1,US,0,Cross-industry,cross-industry,1235
25-1126,99,U.S.,1,US,0,Cross-industry,cross-industry,1235
25-1190,99,U.S.,1,US,0,Cross-industry,cross-industry,1235
25-1192,99,U.S.,1,US,0,Cross-industry,cross-industry,1235
25-1193,99,U.S.,1,US,0,Cross-industry,cross-industry,1235
25-1194,99,U.S.,1,US,0,Cross-industry,cross-industry,1235
25-1199,99,U.S.,1,US,0,Cross-industry,cross-industry,1235
25-2000,99,U.S.,1,US,0,Cross-industry,cross-industry,1235
25-2010,99,U.S.,1,US,0,Cross-industry,cross-industry,1235
25-2011,99,U.S.,1,US,0,Cross-industry,cross-industry,1235
25-2012,99,U.S.,1,US,0,Cross-industry,cross-industry,1235
25-2020,99,U.S.,1,US,0,Cross-industry,cross-industry,1235
25-2021,99,U.S.,1,US,0,Cross-industry,cross-industry,1235
25-2022,99,U.S.,1,US,0,Cross-industry,cross-industry,1235
25-2023,99,U.S.,1,US,0,Cross-industry,cross-industry,1235
25-2030,99,U.S.,1,US,0,Cross-industry,cross-industry,1235
25-2031,99,U.S.,1,US,0,Cross-industry,cross-industry,1235
25-2032,99,U.S.,1,US,0,Cross-industry,cross-industry,1235
25-2050,99,U.S.,1,US,0,Cross-industry,cross-industry,1235
25-2051,99,U.S.,1,US,0,Cross-industry,cross-industry,1235
25-2052,99,U.S.,1,US,0,Cross-industry,cross-industry,1235
25-2057,99,U.S.,1,US,0,Cross-industry,cross-industry,1235
25-2058,99,U.S.,1,US,0,Cross-industry,cross-industry,1235
25-2059,99,U.S.,1,US,0,Cross-industry,cross-industry,1235
25-3000,99,U.S.,1,US,0,Cross-industry,cross-industry,1235
25-3010,99,U.S.,1,US,0,Cross-industry,cross-industry,1235
25-3011,99,U.S.,1,US,0,Cross-industry,cross-industry,1235
25-3020,99,U.S.,1,US,0,Cross-industry,cross-industry,1235
25-3021,99,U.S.,1,US,0,Cross-industry,cross-industry,1235
25-3030,99,U.S.,1,US,0,Cross-industry,cross-industry,1235
25-3031,99,U.S.,1,US,0,Cross-industry,cross-industry,1235
25-3040,99,U.S.,1,US,0,Cross-industry,cross-industry,1235
25-3041,99,U.S.,1,US,0,Cross-industry,cross-industry,1235
25-3090,99,U.S.,1,US,0,Cross-industry,cross-industry,1235
25-3099,99,U.S.,1,US,0,Cross-industry,cross-industry,1235
25-4000,99,U.S.,1,US,0,Cross-industry,cross-industry,1235
25-4010,99,U.S.,1,US,0,Cross-industry,cross-industry,1235
25-4011,99,U.S.,1,US,0,Cross-industry,cross-industry,1235
25-4012,99,U.S.,1,US,0,Cross-industry,cross-industry,1235
25-4013,99,U.S.,1,US,0,Cross-industry,cross-industry,1235
25-4020,99,U.S.,1,US,0,Cross-industry,cross-industry,1235
25-4022,99,U.S.,1,US,0,Cross-industry,cross-industry,1235
25-4030,99,U.S.,1,US,0,Cross-industry,cross-industry,1235
25-4031,99,U.S.,1,US,0,Cross-industry,cross-industry,1235
25-9000,99,U.S.,1,US,0,Cross-industry,cross-industry,1235
25-9020,99,U.S.,1,US,0,Cross-industry,cross-industry,1235
25-9021,99,U.S.,1,US,0,Cross-industry,cross-industry,1235
25-9030,99,U.S.,1,US,0,Cross-industry,cross-industry,1235
25-9031,99,U.S.,1,US,0,Cross-industry,cross-industry,1235
25-9040,99,U.S.,1,US,0,Cross-industry,cross-industry,1235
25-9044,99,U.S.,1,US,0,Cross-industry,cross-industry,1235
25-9045,99,U.S.,1,US,0,Cross-industry,cross-industry,1235
25-9090,99,U.S.,1,US,0,Cross-industry,cross-industry,1235
25-9099,99,U.S.,1,US,0,Cross-industry,cross-industry,1235
27-0000,99,U.S.,1,US,0,Cross-industry,cross-industry,1235
27-1000,99,U.S.,1,US,0,Cross-industry,cross-industry,1235
27-1010,99,U.S.,1,US,0,Cross-industry,cross-industry,1235
27-1011,99,U.S.,1,US,0,Cross-industry,cross-industry,1235
27-1012,99,U.S.,1,US,0,Cross-industry,cross-industry,1235
27-1013,99,U.S.,1,US,0,Cross-industry,cross-industry,1235
27-1014,99,U.S.,1,US,0,Cross-industry,cross-industry,1235
27-1019,99,U.S.,1,US,0,Cross-industry,cross-industry,1235
27-1020,99,U.S.,1,US,0,Cross-industry,cross-industry,1235
27-1021,99,U.S.,1,US,0,Cross-industry,cross-industry,1235
27-1022,99,U.S.,1,US,0,Cross-industry,cross-industry,1235
27-1023,99,U.S.,1,US,0,Cross-industry,cross-industry,1235
27-1024,99,U.S.,1,US,0,Cross-industry,cross-industry,1235
27-1025,99,U.S.,1,US,0,Cross-industry,cross-industry,1235
27-1026,99,U.S.,1,US,0,Cross-industry,cross-industry,1235
27-1027,99,U.S.,1,US,0,Cross-industry,cross-industry,1235
27-1029,99,U.S.,1,US,0,Cross-industry,cross-industry,1235
27-2000,99,U.S.,1,US,0,Cross-industry,cross-industry,1235
27-2010,99,U.S.,1,US,0,Cross-industry,cross-industry,1235
27-2011,99,U.S.,1,US,0,Cross-industry,cross-industry,1235
27-2012,99,U.S.,1,US,0,Cross-industry,cross-industry,1235
27-2020,99,U.S.,1,US,0,Cross-industry,cross-industry,1235
27-2021,99,U.S.,1,US,0,Cross-industry,cross-industry,1235
27-2022,99,U.S.,1,US,0,Cross-industry,cross-industry,1235
27-2023,99,U.S.,1,US,0,Cross-industry,cross-industry,1235
27-2030,99,U.S.,1,US,0,Cross-industry,cross-industry,1235
27-2031,99,U.S.,1,US,0,Cross-industry,cross-industry,1235
27-2032,99,U.S.,1,US,0,Cross-industry,cross-industry,1235
27-2040,99,U.S.,1,US,0,Cross-industry,cross-industry,1235
27-2041,99,U.S.,1,US,0,Cross-industry,cross-industry,1235
27-2042,99,U.S.,1,US,0,Cross-industry,cross-industry,1235
27-2090,99,U.S.,1,US,0,Cross-industry,cross-industry,1235
27-2091,99,U.S.,1,US,0,Cross-industry,cross-industry,1235
27-2099,99,U.S.,1,US,0,Cross-industry,cross-industry,1235
27-3000,99,U.S.,1,US,0,Cross-industry,cross-industry,1235
27-3010,99,U.S.,1,US,0,Cross-industry,cross-industry,1235
27-3011,99,U.S.,1,US,0,Cross-industry,cross-industry,1235
27-3020,99,U.S.,1,US,0,Cross-industry,cross-industry,1235
27-3023,99,U.S.,1,US,0,Cross-industry,cross-industry,1235
27-3030,99,U.S.,1,US,0,Cross-industry,cross-industry,1235
27-3031,99,U.S.,1,US,0,Cross-industry,cross-industry,1235
27-3040,99,U.S.,1,US,0,Cross-industry,cross-industry,1235
27-3041,99,U.S.,1,US,0,Cross-industry,cross-industry,1235
27-3042,99,U.S.,1,US,0,Cross-industry,cross-industry,1235
27-3043,99,U.S.,1,US,0,Cross-industry,cross-industry,1235
27-3090,99,U.S.,1,US,0,Cross-industry,cross-industry,1235
27-3091,99,U.S.,1,US,0,Cross-industry,cross-industry,1235
27-3092,99,U.S.,1,US,0,Cross-industry,cross-industry,1235
27-3099,99,U.S.,1,US,0,Cross-industry,cross-industry,1235
27-4000,99,U.S.,1,US,0,Cross-industry,cross-industry,1235
27-4010,99,U.S.,1,US,0,Cross-industry,cross-industry,1235
27-4011,99,U.S.,1,US,0,Cross-industry,cross-industry,1235
27-4012,99,U.S.,1,US,0,Cross-industry,cross-industry,1235
27-4014,99,U.S.,1,US,0,Cross-industry,cross-industry,1235
27-4015,99,U.S.,1,US,0,Cross-industry,cross-industry,1235
27-4020,99,U.S.,1,US,0,Cross-industry,cross-industry,1235
27-4021,99,U.S.,1,US,0,Cross-industry,cross-industry,1235
27-4030,99,U.S.,1,US,0,Cross-industry,cross-industry,1235
27-4031,99,U.S.,1,US,0,Cross-industry,cross-industry,1235
27-4032,99,U.S.,1,US,0,Cross-industry,cross-industry,1235
27-4090,99,U.S.,1,US,0,Cross-industry,cross-industry,1235
27-4099,99,U.S.,1,US,0,Cross-industry,cross-industry,1235
29-0000,99,U.S.,1,US,0,Cross-industry,cross-industry,1235
29-1000,99,U.S.,1,US,0,Cross-industry,cross-industry,1235
29-1010,99,U.S.,1,US,0,Cross-industry,cross-industry,1235
29-1011,99,U.S.,1,US,0,Cross-industry,cross-industry,1235
29-1020,99,U.S.,1,US,0,Cross-industry,cross-industry,1235
29-1021,99,U.S.,1,US,0,Cross-industry,cross-industry,1235
29-1022,99,U.S.,1,US,0,Cross-industry,cross-industry,1235
29-1023,99,U.S.,1,US,0,Cross-industry,cross-industry,1235
29-1024,99,U.S.,1,US,0,Cross-industry,cross-industry,1235
29-1029,99,U.S.,1,US,0,Cross-industry,cross-industry,1235
29-1030,99,U.S.,1,US,0,Cross-industry,cross-industry,1235
29-1031,99,U.S.,1,US,0,Cross-industry,cross-industry,1235
29-1040,99,U.S.,1,US,0,Cross-industry,cross-industry,1235
29-1041,99,U.S.,1,US,0,Cross-industry,cross-industry,1235
29-1050,99,U.S.,1,US,0,Cross-industry,cross-industry,1235
29-1051,99,U.S.,1,US,0,Cross-industry,cross-industry,1235
29-1070,99,U.S.,1,US,0,Cross-industry,cross-industry,1235
29-1071,99,U.S.,1,US,0,Cross-industry,cross-industry,1235
29-1080,99,U.S.,1,US,0,Cross-industry,cross-industry,1235
29-1081,99,U.S.,1,US,0,Cross-industry,cross-industry,1235
29-1120,99,U.S.,1,US,0,Cross-industry,cross-industry,1235
29-1122,99,U.S.,1,US,0,Cross-industry,cross-industry,1235
29-1123,99,U.S.,1,US,0,Cross-industry,cross-industry,1235
29-1124,99,U.S.,1,US,0,Cross-industry,cross-industry,1235
29-1125,99,U.S.,1,US,0,Cross-industry,cross-industry,1235
29-1126,99,U.S.,1,US,0,Cross-industry,cross-industry,1235
29-1127,99,U.S.,1,US,0,Cross-industry,cross-industry,1235
29-1128,99,U.S.,1,US,0,Cross-industry,cross-industry,1235
29-1129,99,U.S.,1,US,0,Cross-industry,cross-industry,1235
29-1130,99,U.S.,1,US,0,Cross-industry,cross-industry,1235
29-1131,99,U.S.,1,US,0,Cross-industry,cross-industry,1235
29-1140,99,U.S.,1,US,0,Cross-industry,cross-industry,1235
29-1141,99,U.S.,1,US,0,Cross-industry,cross-industry,1235
29-1150,99,U.S.,1,US,0,Cross-industry,cross-industry,1235
29-1151,99,U.S.,1,US,0,Cross-industry,cross-industry,1235
29-1160,99,U.S.,1,US,0,Cross-industry,cross-industry,1235
29-1161,99,U.S.,1,US,0,Cross-industry,cross-industry,1235
29-1170,99,U.S.,1,US,0,Cross-industry,cross-industry,1235
29-1171,99,U.S.,1,US,0,Cross-industry,cross-industry,1235
29-1180,99,U.S.,1,US,0,Cross-industry,cross-industry,1235
29-1181,99,U.S.,1,US,0,Cross-industry,cross-industry,1235
29-1210,99,U.S.,1,US,0,Cross-industry,cross-industry,1235
29-1211,99,U.S.,1,US,0,Cross-industry,cross-industry,1235
29-1212,99,U.S.,1,US,0,Cross-industry,cross-industry,1235
29-1213,99,U.S.,1,US,0,Cross-industry,cross-industry,1235
29-1214,99,U.S.,1,US,0,Cross-industry,cross-industry,1235
29-1215,99,U.S.,1,US,0,Cross-industry,cross-industry,1235
29-1216,99,U.S.,1,US,0,Cross-industry,cross-industry,1235
29-1217,99,U.S.,1,US,0,Cross-industry,cross-industry,1235
29-1218,99,U.S.,1,US,0,Cross-industry,cross-industry,1235
29-1221,99,U.S.,1,US,0,Cross-industry,cross-industry,1235
29-1222,99,U.S.,1,US,0,Cross-industry,cross-industry,1235
29-1223,99,U.S.,1,US,0,Cross-industry,cross-industry,1235
29-1224,99,U.S.,1,US,0,Cross-industry,cross-industry,1235
29-1229,99,U.S.,1,US,0,Cross-industry,cross-industry,1235
29-1240,99,U.S.,1,US,0,Cross-industry,cross-industry,1235
29-1241,99,U.S.,1,US,0,Cross-industry,cross-industry,1235
29-1242,99,U.S.,1,US,0,Cross-industry,cross-industry,1235
29-1243,99,U.S.,1,US,0,Cross-industry,cross-industry,1235
29-1249,99,U.S.,1,US,0,Cross-industry,cross-industry,1235
29-1290,99,U.S.,1,US,0,Cross-industry,cross-industry,1235
29-1291,99,U.S.,1,US,0,Cross-industry,cross-industry,1235
29-1292,99,U.S.,1,US,0,Cross-industry,cross-industry,1235
29-1299,99,U.S.,1,US,0,Cross-industry,cross-industry,1235
29-2000,99,U.S.,1,US,0,Cross-industry,cross-industry,1235
29-2010,99,U.S.,1,US,0,Cross-industry,cross-industry,1235
29-2010,99,U.S.,1,US,0,Cross-industry,cross-industry,1235
29-2030,99,U.S.,1,US,0,Cross-industry,cross-industry,1235
29-2031,99,U.S.,1,US,0,Cross-industry,cross-industry,1235
29-2032,99,U.S.,1,US,0,Cross-industry,cross-industry,1235
29-2033,99,U.S.,1,US,0,Cross-industry,cross-industry,1235
29-2034,99,U.S.,1,US,0,Cross-industry,cross-industry,1235
29-2035,99,U.S.,1,US,0,Cross-industry,cross-industry,1235
29-2036,99,U.S.,1,US,0,Cross-industry,cross-industry,1235
29-2040,99,U.S.,1,US,0,Cross-industry,cross-industry,1235
29-2042,99,U.S.,1,US,0,Cross-industry,cross-industry,1235
29-2043,99,U.S.,1,US,0,Cross-industry,cross-industry,1235
29-2050,99,U.S.,1,US,0,Cross-industry,cross-industry,1235
29-2051,99,U.S.,1,US,0,Cross-industry,cross-industry,1235
29-2052,99,U.S.,1,US,0,Cross-industry,cross-industry,1235
29-2053,99,U.S.,1,US,0,Cross-industry,cross-industry,1235
29-2055,99,U.S.,1,US,0,Cross-industry,cross-industry,1235
29-2056,99,U.S.,1,US,0,Cross-industry,cross-industry,1235
29-2057,99,U.S.,1,US,0,Cross-industry,cross-industry,1235
29-2060,99,U.S.,1,US,0,Cross-industry,cross-industry,1235
29-2061,99,U.S.,1,US,0,Cross-industry,cross-industry,1235
29-2070,99,U.S.,1,US,0,Cross-industry,cross-industry,1235
29-2072,99,U.S.,1,US,0,Cross-industry,cross-industry,1235
29-2080,99,U.S.,1,US,0,Cross-industry,cross-industry,1235
29-2081,99,U.S.,1,US,0,Cross-industry,cross-industry,1235
29-2090,99,U.S.,1,US,0,Cross-industry,cross-industry,1235
29-2091,99,U.S.,1,US,0,Cross-industry,cross-industry,1235
29-2092,99,U.S.,1,US,0,Cross-industry,cross-industry,1235
29-2099,99,U.S.,1,US,0,Cross-industry,cross-industry,1235
29-9000,99,U.S.,1,US,0,Cross-industry,cross-industry,1235
29-9020,99,U.S.,1,US,0,Cross-industry,cross-industry,1235
29-9021,99,U.S.,1,US,0,Cross-industry,cross-industry,1235
29-9090,99,U.S.,1,US,0,Cross-industry,cross-industry,1235
29-9091,99,U.S.,1,US,0,Cross-industry,cross-industry,1235
29-9092,99,U.S.,1,US,0,Cross-industry,cross-industry,1235
29-9093,99,U.S.,1,US,0,Cross-industry,cross-industry,1235
29-9099,99,U.S.,1,US,0,Cross-industry,cross-industry,1235
31-0000,99,U.S.,1,US,0,Cross-industry,cross-industry,1235
31-1100,99,U.S.,1,US,0,Cross-industry,cross-industry,1235
31-1120,99,U.S.,1,US,0,Cross-industry,cross-industry,1235
31-1120,99,U.S.,1,US,0,Cross-industry,cross-industry,1235
31-1130,99,U.S.,1,US,0,Cross-industry,cross-industry,1235
31-1131,99,U.S.,1,US,0,Cross-industry,cross-industry,1235
31-1132,99,U.S.,1,US,0,Cross-industry,cross-industry,1235
31-1133,99,U.S.,1,US,0,Cross-industry,cross-industry,1235
31-2000,99,U.S.,1,US,0,Cross-industry,cross-industry,1235
31-2010,99,U.S.,1,US,0,Cross-industry,cross-industry,1235
31-2011,99,U.S.,1,US,0,Cross-industry,cross-industry,1235
31-2012,99,U.S.,1,US,0,Cross-industry,cross-industry,1235
31-2020,99,U.S.,1,US,0,Cross-industry,cross-industry,1235
31-2021,99,U.S.,1,US,0,Cross-industry,cross-industry,1235
31-2022,99,U.S.,1,US,0,Cross-industry,cross-industry,1235
31-9000,99,U.S.,1,US,0,Cross-industry,cross-industry,1235
31-9010,99,U.S.,1,US,0,Cross-industry,cross-industry,1235
31-9011,99,U.S.,1,US,0,Cross-industry,cross-industry,1235
31-9090,99,U.S.,1,US,0,Cross-industry,cross-industry,1235
31-9091,99,U.S.,1,US,0,Cross-industry,cross-industry,1235
31-9092,99,U.S.,1,US,0,Cross-industry,cross-industry,1235
31-9093,99,U.S.,1,US,0,Cross-industry,cross-industry,1235
31-9094,99,U.S.,1,US,0,Cross-industry,cross-industry,1235
31-9095,99,U.S.,1,US,0,Cross-industry,cross-industry,1235
31-9096,99,U.S.,1,US,0,Cross-industry,cross-industry,1235
31-9097,99,U.S.,1,US,0,Cross-industry,cross-industry,1235
31-9099,99,U.S.,1,US,0,Cross-industry,cross-industry,1235
33-0000,99,U.S.,1,US,0,Cross-industry,cross-industry,1235
33-1000,99,U.S.,1,US,0,Cross-industry,cross-industry,1235
33-1010,99,U.S.,1,US,0,Cross-industry,cross-industry,1235
33-1011,99,U.S.,1,US,0,Cross-industry,cross-industry,1235
33-1012,99,U.S.,1,US,0,Cross-industry,cross-industry,1235
33-1020,99,U.S.,1,US,0,Cross-industry,cross-industry,1235
33-1021,99,U.S.,1,US,0,Cross-industry,cross-industry,1235
33-1090,99,U.S.,1,US,0,Cross-industry,cross-industry,1235
33-1091,99,U.S.,1,US,0,Cross-industry,cross-industry,1235
33-1099,99,U.S.,1,US,0,Cross-industry,cross-industry,1235
33-2000,99,U.S.,1,US,0,Cross-industry,cross-industry,1235
33-2010,99,U.S.,1,US,0,Cross-industry,cross-industry,1235
33-2011,99,U.S.,1,US,0,Cross-industry,cross-industry,1235
33-2020,99,U.S.,1,US,0,Cross-industry,cross-industry,1235
33-2021,99,U.S.,1,US,0,Cross-industry,cross-industry,1235
33-2022,99,U.S.,1,US,0,Cross-industry,cross-industry,1235
33-3000,99,U.S.,1,US,0,Cross-industry,cross-industry,1235
33-3010,99,U.S.,1,US,0,Cross-industry,cross-industry,1235
33-3011,99,U.S.,1,US,0,Cross-industry,cross-industry,1235
33-3012,99,U.S.,1,US,0,Cross-industry,cross-industry,1235
33-3020,99,U.S.,1,US,0,Cross-industry,cross-industry,1235
33-3021,99,U.S.,1,US,0,Cross-industry,cross-industry,1235
33-3030,99,U.S.,1,US,0,Cross-industry,cross-industry,1235
33-3031,99,U.S.,1,US,0,Cross-industry,cross-industry,1235
33-3040,99,U.S.,1,US,0,Cross-industry,cross-industry,1235
33-3041,99,U.S.,1,US,0,Cross-industry,cross-industry,1235
33-3050,99,U.S.,1,US,0,Cross-industry,cross-industry,1235
33-3051,99,U.S.,1,US,0,Cross-industry,cross-industry,1235
33-3052,99,U.S.,1,US,0,Cross-industry,cross-industry,1235
33-9000,99,U.S.,1,US,0,Cross-industry,cross-industry,1235
33-9010,99,U.S.,1,US,0,Cross-industry,cross-industry,1235
33-9011,99,U.S.,1,US,0,Cross-industry,cross-industry,1235
33-9020,99,U.S.,1,US,0,Cross-industry,cross-industry,1235
33-9021,99,U.S.,1,US,0,Cross-industry,cross-industry,1235
33-9030,99,U.S.,1,US,0,Cross-industry,cross-industry,1235
33-9031,99,U.S.,1,US,0,Cross-industry,cross-industry,1235
33-9032,99,U.S.,1,US,0,Cross-industry,cross-industry,1235
33-9090,99,U.S.,1,US,0,Cross-industry,cross-industry,1235
33-9091,99,U.S.,1,US,0,Cross-industry,cross-industry,1235
33-9092,99,U.S.,1,US,0,Cross-industry,cross-industry,1235
33-9093,99,U.S.,1,US,0,Cross-industry,cross-industry,1235
33-9094,99,U.S.,1,US,0,Cross-industry,cross-industry,1235
33-9099,99,U.S.,1,US,0,Cross-industry,cross-industry,1235
35-0000,99,U.S.,1,US,0,Cross-industry,cross-industry,1235
35-1000,99,U.S.,1,US,0,Cross-industry,cross-industry,1235
35-1010,99,U.S.,1,US,0,Cross-industry,cross-industry,1235
35-1011,99,U.S.,1,US,0,Cross-industry,cross-industry,1235
35-1012,99,U.S.,1,US,0,Cross-industry,cross-industry,1235
35-2000,99,U.S.,1,US,0,Cross-industry,cross-industry,1235
35-2010,99,U.S.,1,US,0,Cross-industry,cross-industry,1235
35-2011,99,U.S.,1,US,0,Cross-industry,cross-industry,1235
35-2012,99,U.S.,1,US,0,Cross-industry,cross-industry,1235
35-2013,99,U.S.,1,US,0,Cross-industry,cross-industry,1235
35-2014,99,U.S.,1,US,0,Cross-industry,cross-industry,1235
35-2015,99,U.S.,1,US,0,Cross-industry,cross-industry,1235
35-2019,99,U.S.,1,US,0,Cross-industry,cross-industry,1235
35-2020,99,U.S.,1,US,0,Cross-industry,cross-industry,1235
35-2021,99,U.S.,1,US,0,Cross-industry,cross-industry,1235
35-3000,99,U.S.,1,US,0,Cross-industry,cross-industry,1235
35-3010,99,U.S.,1,US,0,Cross-industry,cross-industry,1235
35-3011,99,U.S.,1,US,0,Cross-industry,cross-industry,1235
35-3020,99,U.S.,1,US,0,Cross-industry,cross-industry,1235
35-3023,99,U.S.,1,US,0,Cross-industry,cross-industry,1235
35-3030,99,U.S.,1,US,0,Cross-industry,cross-industry,1235
35-3031,99,U.S.,1,US,0,Cross-industry,cross-industry,1235
35-3040,99,U.S.,1,US,0,Cross-industry,cross-industry,1235
35-3041,99,U.S.,1,US,0,Cross-industry,cross-industry,1235
35-9000,99,U.S.,1,US,0,Cross-industry,cross-industry,1235
35-9010,99,U.S.,1,US,0,Cross-industry,cross-industry,1235
35-9011,99,U.S.,1,US,0,Cross-industry,cross-industry,1235
35-9020,99,U.S.,1,US,0,Cross-industry,cross-industry,1235
35-9021,99,U.S.,1,US,0,Cross-industry,cross-industry,1235
35-9030,99,U.S.,1,US,0,Cross-industry,cross-industry,1235
35-9031,99,U.S.,1,US,0,Cross-industry,cross-industry,1235
35-9090,99,U.S.,1,US,0,Cross-industry,cross-industry,1235
35-9099,99,U.S.,1,US,0,Cross-industry,cross-industry,1235
37-0000,99,U.S.,1,US,0,Cross-industry,cross-industry,1235
37-1000,99,U.S.,1,US,0,Cross-industry,cross-industry,1235
37-1010,99,U.S.,1,US,0,Cross-industry,cross-industry,1235
37-1011,99,U.S.,1,US,0,Cross-industry,cross-industry,1235
37-1012,99,U.S.,1,US,0,Cross-industry,cross-industry,1235
37-2000,99,U.S.,1,US,0,Cross-industry,cross-industry,1235
37-2010,99,U.S.,1,US,0,Cross-industry,cross-industry,1235
37-2011,99,U.S.,1,US,0,Cross-industry,cross-industry,1235
37-2012,99,U.S.,1,US,0,Cross-industry,cross-industry,1235
37-2019,99,U.S.,1,US,0,Cross-industry,cross-industry,1235
37-2020,99,U.S.,1,US,0,Cross-industry,cross-industry,1235
37-2021,99,U.S.,1,US,0,Cross-industry,cross-industry,1235
37-3000,99,U.S.,1,US,0,Cross-industry,cross-industry,1235
37-3010,99,U.S.,1,US,0,Cross-industry,cross-industry,1235
37-3011,99,U.S.,1,US,0,Cross-industry,cross-industry,1235
37-3012,99,U.S.,1,US,0,Cross-industry,cross-industry,1235
37-3013,99,U.S.,1,US,0,Cross-industry,cross-industry,1235
37-3019,99,U.S.,1,US,0,Cross-industry,cross-industry,1235
39-0000,99,U.S.,1,US,0,Cross-industry,cross-industry,1235
39-1000,99,U.S.,1,US,0,Cross-industry,cross-industry,1235
39-1010,99,U.S.,1,US,0,Cross-industry,cross-industry,1235
39-1013,99,U.S.,1,US,0,Cross-industry,cross-industry,1235
39-1014,99,U.S.,1,US,0,Cross-industry,cross-industry,1235
39-1020,99,U.S.,1,US,0,Cross-industry,cross-industry,1235
39-1022,99,U.S.,1,US,0,Cross-industry,cross-industry,1235
39-2000,99,U.S.,1,US,0,Cross-industry,cross-industry,1235
39-2010,99,U.S.,1,US,0,Cross-industry,cross-industry,1235
39-2011,99,U.S.,1,US,0,Cross-industry,cross-industry,1235
39-2020,99,U.S.,1,US,0,Cross-industry,cross-industry,1235
39-2021,99,U.S.,1,US,0,Cross-industry,cross-industry,1235
39-3000,99,U.S.,1,US,0,Cross-industry,cross-industry,1235
39-3010,99,U.S.,1,US,0,Cross-industry,cross-industry,1235
39-3011,99,U.S.,1,US,0,Cross-industry,cross-industry,1235
39-3012,99,U.S.,1,US,0,Cross-industry,cross-industry,1235
39-3019,99,U.S.,1,US,0,Cross-industry,cross-industry,1235
39-3020,99,U.S.,1,US,0,Cross-industry,cross-industry,1235
39-3021,99,U.S.,1,US,0,Cross-industry,cross-industry,1235
39-3030,99,U.S.,1,US,0,Cross-industry,cross-industry,1235
39-3031,99,U.S.,1,US,0,Cross-industry,cross-industry,1235
39-3090,99,U.S.,1,US,0,Cross-industry,cross-industry,1235
39-3091,99,U.S.,1,US,0,Cross-industry,cross-industry,1235
39-3092,99,U.S.,1,US,0,Cross-industry,cross-industry,1235
39-3093,99,U.S.,1,US,0,Cross-industry,cross-industry,1235
39-3099,99,U.S.,1,US,0,Cross-industry,cross-industry,1235
39-4000,99,U.S.,1,US,0,Cross-industry,cross-industry,1235
39-4010,99,U.S.,1,US,0,Cross-industry,cross-industry,1235
39-4011,99,U.S.,1,US,0,Cross-industry,cross-industry,1235
39-4012,99,U.S.,1,US,0,Cross-industry,cross-industry,1235
39-4020,99,U.S.,1,US,0,Cross-industry,cross-industry,1235
39-4021,99,U.S.,1,US,0,Cross-industry,cross-industry,1235
39-4030,99,U.S.,1,US,0,Cross-industry,cross-industry,1235
39-4031,99,U.S.,1,US,0,Cross-industry,cross-industry,1235
39-5000,99,U.S.,1,US,0,Cross-industry,cross-industry,1235
39-5010,99,U.S.,1,US,0,Cross-industry,cross-industry,1235
39-5011,99,U.S.,1,US,0,Cross-industry,cross-industry,1235
39-5012,99,U.S.,1,US,0,Cross-industry,cross-industry,1235
39-5090,99,U.S.,1,US,0,Cross-industry,cross-industry,1235
39-5091,99,U.S.,1,US,0,Cross-industry,cross-industry,1235
39-5092,99,U.S.,1,US,0,Cross-industry,cross-industry,1235
39-5093,99,U.S.,1,US,0,Cross-industry,cross-industry,1235
39-5094,99,U.S.,1,US,0,Cross-industry,cross-industry,1235
39-6000,99,U.S.,1,US,0,Cross-industry,cross-industry,1235
39-6010,99,U.S.,1,US,0,Cross-industry,cross-industry,1235
39-6011,99,U.S.,1,US,0,Cross-industry,cross-industry,1235
39-6012,99,U.S.,1,US,0,Cross-industry,cross-industry,1235
39-7000,99,U.S.,1,US,0,Cross-industry,cross-industry,1235
39-7010,99,U.S.,1,US,0,Cross-industry,cross-industry,1235
39-7010,99,U.S.,1,US,0,Cross-industry,cross-industry,1235
39-9000,99,U.S.,1,US,0,Cross-industry,cross-industry,1235
39-9010,99,U.S.,1,US,0,Cross-industry,cross-industry,1235
39-9011,99,U.S.,1,US,0,Cross-industry,cross-industry,1235
39-9030,99,U.S.,1,US,0,Cross-industry,cross-industry,1235
39-9031,99,U.S.,1,US,0,Cross-industry,cross-industry,1235
39-9032,99,U.S.,1,US,0,Cross-industry,cross-industry,1235
39-9040,99,U.S.,1,US,0,Cross-industry,cross-industry,1235
39-9041,99,U.S.,1,US,0,Cross-industry,cross-industry,1235
39-9090,99,U.S.,1,US,0,Cross-industry,cross-industry,1235
39-9099,99,U.S.,1,US,0,Cross-industry,cross-industry,1235
41-0000,99,U.S.,1,US,0,Cross-industry,cross-industry,1235
41-1000,99,U.S.,1,US,0,Cross-industry,cross-industry,1235
41-1010,99,U.S.,1,US,0,Cross-industry,cross-industry,1235
41-1011,99,U.S.,1,US,0,Cross-industry,cross-industry,1235
41-1012,99,U.S.,1,US,0,Cross-industry,cross-industry,1235
41-2000,99,U.S.,1,US,0,Cross-industry,cross-industry,1235
41-2010,99,U.S.,1,US,0,Cross-industry,cross-industry,1235
41-2011,99,U.S.,1,US,0,Cross-industry,cross-industry,1235
41-2012,99,U.S.,1,US,0,Cross-industry,cross-industry,1235
41-2020,99,U.S.,1,US,0,Cross-industry,cross-industry,1235
41-2021,99,U.S.,1,US,0,Cross-industry,cross-industry,1235
41-2022,99,U.S.,1,US,0,Cross-industry,cross-industry,1235
41-2030,99,U.S.,1,US,0,Cross-industry,cross-industry,1235
41-2031,99,U.S.,1,US,0,Cross-industry,cross-industry,1235
41-3000,99,U.S.,1,US,0,Cross-industry,cross-industry,1235
41-3010,99,U.S.,1,US,0,Cross-industry,cross-industry,1235
41-3011,99,U.S.,1,US,0,Cross-industry,cross-industry,1235
41-3020,99,U.S.,1,US,0,Cross-industry,cross-industry,1235
41-3021,99,U.S.,1,US,0,Cross-industry,cross-industry,1235
41-3030,99,U.S.,1,US,0,Cross-industry,cross-industry,1235
41-3031,99,U.S.,1,US,0,Cross-industry,cross-industry,1235
41-3040,99,U.S.,1,US,0,Cross-industry,cross-industry,1235
41-3041,99,U.S.,1,US,0,Cross-industry,cross-industry,1235
41-3090,99,U.S.,1,US,0,Cross-industry,cross-industry,1235
41-3091,99,U.S.,1,US,0,Cross-industry,cross-industry,1235
41-4000,99,U.S.,1,US,0,Cross-industry,cross-industry,1235
41-4010,99,U.S.,1,US,0,Cross-industry,cross-industry,1235
41-4011,99,U.S.,1,US,0,Cross-industry,cross-industry,1235
41-4012,99,U.S.,1,US,0,Cross-industry,cross-industry,1235
41-9000,99,U.S.,1,US,0,Cross-industry,cross-industry,1235
41-9010,99,U.S.,1,US,0,Cross-industry,cross-industry,1235
41-9011,99,U.S.,1,US,0,Cross-industry,cross-industry,1235
41-9012,99,U.S.,1,US,0,Cross-industry,cross-industry,1235
41-9020,99,U.S.,1,US,0,Cross-industry,cross-industry,1235
41-9021,99,U.S.,1,US,0,Cross-industry,cross-industry,1235
41-9022,99,U.S.,1,US,0,Cross-industry,cross-industry,1235
41-9030,99,U.S.,1,US,0,Cross-industry,cross-industry,1235
41-9031,99,U.S.,1,US,0,Cross-industry,cross-industry,1235
41-9040,99,U.S.,1,US,0,Cross-industry,cross-industry,1235
41-9041,99,U.S.,1,US,0,Cross-industry,cross-industry,1235
41-9090,99,U.S.,1,US,0,Cross-industry,cross-industry,1235
41-9091,99,U.S.,1,US,0,Cross-industry,cross-industry,1235
41-9099,99,U.S.,1,US,0,Cross-industry,cross-industry,1235
43-0000,99,U.S.,1,US,0,Cross-industry,cross-industry,1235
43-1000,99,U.S.,1,US,0,Cross-industry,cross-industry,1235
43-1010,99,U.S.,1,US,0,Cross-industry,cross-industry,1235
43-1011,99,U.S.,1,US,0,Cross-industry,cross-industry,1235
43-2000,99,U.S.,1,US,0,Cross-industry,cross-industry,1235
43-2010,99,U.S.,1,US,0,Cross-industry,cross-industry,1235
43-2011,99,U.S.,1,US,0,Cross-industry,cross-industry,1235
43-2020,99,U.S.,1,US,0,Cross-industry,cross-industry,1235
43-2021,99,U.S.,1,US,0,Cross-industry,cross-industry,1235
43-2090,99,U.S.,1,US,0,Cross-industry,cross-industry,1235
43-2099,99,U.S.,1,US,0,Cross-industry,cross-industry,1235
43-3000,99,U.S.,1,US,0,Cross-industry,cross-industry,1235
43-3010,99,U.S.,1,US,0,Cross-industry,cross-industry,1235
43-3011,99,U.S.,1,US,0,Cross-industry,cross-industry,1235
43-3020,99,U.S.,1,US,0,Cross-industry,cross-industry,1235
43-3021,99,U.S.,1,US,0,Cross-industry,cross-industry,1235
43-3030,99,U.S.,1,US,0,Cross-industry,cross-industry,1235
43-3031,99,U.S.,1,US,0,Cross-industry,cross-industry,1235
43-3040,99,U.S.,1,US,0,Cross-industry,cross-industry,1235
43-3041,99,U.S.,1,US,0,Cross-industry,cross-industry,1235
43-3050,99,U.S.,1,US,0,Cross-industry,cross-industry,1235
43-3051,99,U.S.,1,US,0,Cross-industry,cross-industry,1235
43-3060,99,U.S.,1,US,0,Cross-industry,cross-industry,1235
43-3061,99,U.S.,1,US,0,Cross-industry,cross-industry,1235
43-3070,99,U.S.,1,US,0,Cross-industry,cross-industry,1235
43-3071,99,U.S.,1,US,0,Cross-industry,cross-industry,1235
43-3090,99,U.S.,1,US,0,Cross-industry,cross-industry,1235
43-3099,99,U.S.,1,US,0,Cross-industry,cross-industry,1235
43-4000,99,U.S.,1,US,0,Cross-industry,cross-industry,1235
43-4010,99,U.S.,1,US,0,Cross-industry,cross-industry,1235
43-4011,99,U.S.,1,US,0,Cross-industry,cross-industry,1235
43-4020,99,U.S.,1,US,0,Cross-industry,cross-industry,1235
43-4021,99,U.S.,1,US,0,Cross-industry,cross-industry,1235
43-4030,99,U.S.,1,US,0,Cross-industry,cross-industry,1235
43-4031,99,U.S.,1,US,0,Cross-industry,cross-industry,1235
43-4040,99,U.S.,1,US,0,Cross-industry,cross-industry,1235
43-4041,99,U.S.,1,US,0,Cross-industry,cross-industry,1235
43-4050,99,U.S.,1,US,0,Cross-industry,cross-industry,1235
43-4051,99,U.S.,1,US,0,Cross-industry,cross-industry,1235
43-4060,99,U.S.,1,US,0,Cross-industry,cross-industry,1235
43-4061,99,U.S.,1,US,0,Cross-industry,cross-industry,1235
43-4070,99,U.S.,1,US,0,Cross-industry,cross-industry,1235
43-4071,99,U.S.,1,US,0,Cross-industry,cross-industry,1235
43-4080,99,U.S.,1,US,0,Cross-industry,cross-industry,1235
43-4081,99,U.S.,1,US,0,Cross-industry,cross-industry,1235
43-4110,99,U.S.,1,US,0,Cross-industry,cross-industry,1235
43-4111,99,U.S.,1,US,0,Cross-industry,cross-industry,1235
43-4120,99,U.S.,1,US,0,Cross-industry,cross-industry,1235
43-4121,99,U.S.,1,US,0,Cross-industry,cross-industry,1235
43-4130,99,U.S.,1,US,0,Cross-industry,cross-industry,1235
43-4131,99,U.S.,1,US,0,Cross-industry,cross-industry,1235
43-4140,99,U.S.,1,US,0,Cross-industry,cross-industry,1235
43-4141,99,U.S.,1,US,0,Cross-industry,cross-industry,1235
43-4150,99,U.S.,1,US,0,Cross-industry,cross-industry,1235
43-4151,99,U.S.,1,US,0,Cross-industry,cross-industry,1235
43-4160,99,U.S.,1,US,0,Cross-industry,cross-industry,1235
43-4161,99,U.S.,1,US,0,Cross-industry,cross-industry,1235
43-4170,99,U.S.,1,US,0,Cross-industry,cross-industry,1235
43-4171,99,U.S.,1,US,0,Cross-industry,cross-industry,1235
43-4180,99,U.S.,1,US,0,Cross-industry,cross-industry,1235
43-4181,99,U.S.,1,US,0,Cross-industry,cross-industry,1235
43-4190,99,U.S.,1,US,0,Cross-industry,cross-industry,1235
43-4199,99,U.S.,1,US,0,Cross-industry,cross-industry,1235
43-5000,99,U.S.,1,US,0,Cross-industry,cross-industry,1235
43-5010,99,U.S.,1,US,0,Cross-industry,cross-industry,1235
43-5011,99,U.S.,1,US,0,Cross-industry,cross-industry,1235
43-5020,99,U.S.,1,US,0,Cross-industry,cross-industry,1235
43-5021,99,U.S.,1,US,0,Cross-industry,cross-industry,1235
43-5030,99,U.S.,1,US,0,Cross-industry,cross-industry,1235
43-5031,99,U.S.,1,US,0,Cross-industry,cross-industry,1235
43-5032,99,U.S.,1,US,0,Cross-industry,cross-industry,1235
43-5040,99,U.S.,1,US,0,Cross-industry,cross-industry,1235
43-5041,99,U.S.,1,US,0,Cross-industry,cross-industry,1235
43-5050,99,U.S.,1,US,0,Cross-industry,cross-industry,1235
43-5051,99,U.S.,1,US,0,Cross-industry,cross-industry,1235
43-5052,99,U.S.,1,US,0,Cross-industry,cross-industry,1235
43-5053,99,U.S.,1,US,0,Cross-industry,cross-industry,1235
43-5060,99,U.S.,1,US,0,Cross-industry,cross-industry,1235
43-5061,99,U.S.,1,US,0,Cross-industry,cross-industry,1235
43-5070,99,U.S.,1,US,0,Cross-industry,cross-industry,1235
43-5071,99,U.S.,1,US,0,Cross-industry,cross-industry,1235
43-5110,99,U.S.,1,US,0,Cross-industry,cross-industry,1235
43-5111,99,U.S.,1,US,0,Cross-industry,cross-industry,1235
43-6000,99,U.S.,1,US,0,Cross-industry,cross-industry,1235
43-6010,99,U.S.,1,US,0,Cross-industry,cross-industry,1235
43-6011,99,U.S.,1,US,0,Cross-industry,cross-industry,1235
43-6012,99,U.S.,1,US,0,Cross-industry,cross-industry,1235
43-6013,99,U.S.,1,US,0,Cross-industry,cross-industry,1235
43-6014,99,U.S.,1,US,0,Cross-industry,cross-industry,1235
43-9000,99,U.S.,1,US,0,Cross-industry,cross-industry,1235
43-9020,99,U.S.,1,US,0,Cross-industry,cross-industry,1235
43-9021,99,U.S.,1,US,0,Cross-industry,cross-industry,1235
43-9022,99,U.S.,1,US,0,Cross-industry,cross-industry,1235
43-9030,99,U.S.,1,US,0,Cross-industry,cross-industry,1235
43-9031,99,U.S.,1,US,0,Cross-industry,cross-industry,1235
43-9040,99,U.S.,1,US,0,Cross-industry,cross-industry,1235
43-9041,99,U.S.,1,US,0,Cross-industry,cross-industry,1235
43-9050,99,U.S.,1,US,0,Cross-industry,cross-industry,1235
43-9051,99,U.S.,1,US,0,Cross-industry,cross-industry,1235
43-9060,99,U.S.,1,US,0,Cross-industry,cross-industry,1235
43-9061,99,U.S.,1,US,0,Cross-industry,cross-industry,1235
43-9070,99,U.S.,1,US,0,Cross-industry,cross-industry,1235
43-9071,99,U.S.,1,US,0,Cross-industry,cross-industry,1235
43-9080,99,U.S.,1,US,0,Cross-industry,cross-industry,1235
43-9081,99,U.S.,1,US,0,Cross-industry,cross-industry,1235
43-9110,99,U.S.,1,US,0,Cross-industry,cross-industry,1235
43-9111,99,U.S.,1,US,0,Cross-industry,cross-industry,1235
43-9190,99,U.S.,1,US,0,Cross-industry,cross-industry,1235
43-9199,99,U.S.,1,US,0,Cross-industry,cross-industry,1235
45-0000,99,U.S.,1,US,0,Cross-industry,cross-industry,1235
45-1000,99,U.S.,1,US,0,Cross-industry,cross-industry,1235
45-1010,99,U.S.,1,US,0,Cross-industry,cross-industry,1235
45-1011,99,U.S.,1,US,0,Cross-industry,cross-industry,1235
45-2000,99,U.S.,1,US,0,Cross-industry,cross-industry,1235
45-2010,99,U.S.,1,US,0,Cross-industry,cross-industry,1235
45-2011,99,U.S.,1,US,0,Cross-industry,cross-industry,1235
45-2020,99,U.S.,1,US,0,Cross-industry,cross-industry,1235
45-2021,99,U.S.,1,US,0,Cross-industry,cross-industry,1235
45-2040,99,U.S.,1,US,0,Cross-industry,cross-industry,1235
45-2041,99,U.S.,1,US,0,Cross-industry,cross-industry,1235
45-2090,99,U.S.,1,US,0,Cross-industry,cross-industry,1235
45-2091,99,U.S.,1,US,0,Cross-industry,cross-industry,1235
45-2092,99,U.S.,1,US,0,Cross-industry,cross-industry,1235
45-2093,99,U.S.,1,US,0,Cross-industry,cross-industry,1235
45-2099,99,U.S.,1,US,0,Cross-industry,cross-industry,1235
45-4000,99,U.S.,1,US,0,Cross-industry,cross-industry,1235
45-4010,99,U.S.,1,US,0,Cross-industry,cross-industry,1235
45-4011,99,U.S.,1,US,0,Cross-industry,cross-industry,1235
45-4020,99,U.S.,1,US,0,Cross-industry,cross-industry,1235
45-4021,99,U.S.,1,US,0,Cross-industry,cross-industry,1235
45-4022,99,U.S.,1,US,0,Cross-industry,cross-industry,1235
45-4023,99,U.S.,1,US,0,Cross-industry,cross-industry,1235
45-4029,99,U.S.,1,US,0,Cross-industry,cross-industry,1235
47-0000,99,U.S.,1,US,0,Cross-industry,cross-industry,1235
47-1000,99,U.S.,1,US,0,Cross-industry,cross-industry,1235
47-1010,99,U.S.,1,US,0,Cross-industry,cross-industry,1235
47-1011,99,U.S.,1,US,0,Cross-industry,cross-industry,1235
47-2000,99,U.S.,1,US,0,Cross-industry,cross-industry,1235
47-2010,99,U.S.,1,US,0,Cross-industry,cross-industry,1235
47-2011,99,U.S.,1,US,0,Cross-industry,cross-industry,1235
47-2020,99,U.S.,1,US,0,Cross-industry,cross-industry,1235
47-2021,99,U.S.,1,US,0,Cross-industry,cross-industry,1235
47-2022,99,U.S.,1,US,0,Cross-industry,cross-industry,1235
47-2030,99,U.S.,1,US,0,Cross-industry,cross-industry,1235
47-2031,99,U.S.,1,US,0,Cross-industry,cross-industry,1235
47-2040,99,U.S.,1,US,0,Cross-industry,cross-industry,1235
47-2041,99,U.S.,1,US,0,Cross-industry,cross-industry,1235
47-2042,99,U.S.,1,US,0,Cross-industry,cross-industry,1235
47-2043,99,U.S.,1,US,0,Cross-industry,cross-industry,1235
47-2044,99,U.S.,1,US,0,Cross-industry,cross-industry,1235
47-2050,99,U.S.,1,US,0,Cross-industry,cross-industry,1235
47-2051,99,U.S.,1,US,0,Cross-industry,cross-industry,1235
47-2053,99,U.S.,1,US,0,Cross-industry,cross-industry,1235
47-2060,99,U.S.,1,US,0,Cross-industry,cross-industry,1235
47-2061,99,U.S.,1,US,0,Cross-industry,cross-industry,1235
47-2070,99,U.S.,1,US,0,Cross-industry,cross-industry,1235
47-2071,99,U.S.,1,US,0,Cross-industry,cross-industry,1235
47-2072,99,U.S.,1,US,0,Cross-industry,cross-industry,1235
47-2073,99,U.S.,1,US,0,Cross-industry,cross-industry,1235
47-2080,99,U.S.,1,US,0,Cross-industry,cross-industry,1235
47-2081,99,U.S.,1,US,0,Cross-industry,cross-industry,1235
47-2082,99,U.S.,1,US,0,Cross-industry,cross-industry,1235
47-2110,99,U.S.,1,US,0,Cross-industry,cross-industry,1235
47-2111,99,U.S.,1,US,0,Cross-industry,cross-industry,1235
47-2120,99,U.S.,1,US,0,Cross-industry,cross-industry,1235
47-2121,99,U.S.,1,US,0,Cross-industry,cross-industry,1235
47-2130,99,U.S.,1,US,0,Cross-industry,cross-industry,1235
47-2131,99,U.S.,1,US,0,Cross-industry,cross-industry,1235
47-2132,99,U.S.,1,US,0,Cross-industry,cross-industry,1235
47-2140,99,U.S.,1,US,0,Cross-industry,cross-industry,1235
47-2141,99,U.S.,1,US,0,Cross-industry,cross-industry,1235
47-2142,99,U.S.,1,US,0,Cross-industry,cross-industry,1235
47-2150,99,U.S.,1,US,0,Cross-industry,cross-industry,1235
47-2151,99,U.S.,1,US,0,Cross-industry,cross-industry,1235
47-2152,99,U.S.,1,US,0,Cross-industry,cross-industry,1235
47-2160,99,U.S.,1,US,0,Cross-industry,cross-industry,1235
47-2161,99,U.S.,1,US,0,Cross-industry,cross-industry,1235
47-2170,99,U.S.,1,US,0,Cross-industry,cross-industry,1235
47-2171,99,U.S.,1,US,0,Cross-industry,cross-industry,1235
47-2180,99,U.S.,1,US,0,Cross-industry,cross-industry,1235
47-2181,99,U.S.,1,US,0,Cross-industry,cross-industry,1235
47-2210,99,U.S.,1,US,0,Cross-industry,cross-industry,1235
47-2211,99,U.S.,1,US,0,Cross-industry,cross-industry,1235
47-2220,99,U.S.,1,US,0,Cross-industry,cross-industry,1235
47-2221,99,U.S.,1,US,0,Cross-industry,cross-industry,1235
47-2230,99,U.S.,1,US,0,Cross-industry,cross-industry,1235
47-2231,99,U.S.,1,US,0,Cross-industry,cross-industry,1235
47-3000,99,U.S.,1,US,0,Cross-industry,cross-industry,1235
47-3010,99,U.S.,1,US,0,Cross-industry,cross-industry,1235
47-3011,99,U.S.,1,US,0,Cross-industry,cross-industry,1235
47-3012,99,U.S.,1,US,0,Cross-industry,cross-industry,1235
47-3013,99,U.S.,1,US,0,Cross-industry,cross-industry,1235
47-3014,99,U.S.,1,US,0,Cross-industry,cross-industry,1235
47-3015,99,U.S.,1,US,0,Cross-industry,cross-industry,1235
47-3016,99,U.S.,1,US,0,Cross-industry,cross-industry,1235
47-3019,99,U.S.,1,US,0,Cross-industry,cross-industry,1235
47-4000,99,U.S.,1,US,0,Cross-industry,cross-industry,1235
47-4010,99,U.S.,1,US,0,Cross-industry,cross-industry,1235
47-4011,99,U.S.,1,US,0,Cross-industry,cross-industry,1235
47-4020,99,U.S.,1,US,0,Cross-industry,cross-industry,1235
47-4021,99,U.S.,1,US,0,Cross-industry,cross-industry,1235
47-4030,99,U.S.,1,US,0,Cross-industry,cross-industry,1235
47-4031,99,U.S.,1,US,0,Cross-industry,cross-industry,1235
47-4040,99,U.S.,1,US,0,Cross-industry,cross-industry,1235
47-4041,99,U.S.,1,US,0,Cross-industry,cross-industry,1235
47-4050,99,U.S.,1,US,0,Cross-industry,cross-industry,1235
47-4051,99,U.S.,1,US,0,Cross-industry,cross-industry,1235
47-4060,99,U.S.,1,US,0,Cross-industry,cross-industry,1235
47-4061,99,U.S.,1,US,0,Cross-industry,cross-industry,1235
47-4070,99,U.S.,1,US,0,Cross-industry,cross-industry,1235
47-4071,99,U.S.,1,US,0,Cross-industry,cross-industry,1235
47-4090,99,U.S.,1,US,0,Cross-industry,cross-industry,1235
47-4090,99,U.S.,1,US,0,Cross-industry,cross-industry,1235
47-5000,99,U.S.,1,US,0,Cross-industry,cross-industry,1235
47-5010,99,U.S.,1,US,0,Cross-industry,cross-industry,1235
47-5011,99,U.S.,1,US,0,Cross-industry,cross-industry,1235
47-5012,99,U.S.,1,US,0,Cross-industry,cross-industry,1235
47-5013,99,U.S.,1,US,0,Cross-industry,cross-industry,1235
47-5020,99,U.S.,1,US,0,Cross-industry,cross-industry,1235
47-5022,99,U.S.,1,US,0,Cross-industry,cross-industry,1235
47-5023,99,U.S.,1,US,0,Cross-industry,cross-industry,1235
47-5030,99,U.S.,1,US,0,Cross-industry,cross-industry,1235
47-5032,99,U.S.,1,US,0,Cross-industry,cross-industry,1235
47-5040,99,U.S.,1,US,0,Cross-industry,cross-industry,1235
47-5041,99,U.S.,1,US,0,Cross-industry,cross-industry,1235
47-5043,99,U.S.,1,US,0,Cross-industry,cross-industry,1235
47-5044,99,U.S.,1,US,0,Cross-industry,cross-industry,1235
47-5049,99,U.S.,1,US,0,Cross-industry,cross-industry,1235
47-5050,99,U.S.,1,US,0,Cross-industry,cross-industry,1235
47-5051,99,U.S.,1,US,0,Cross-industry,cross-industry,1235
47-5070,99,U.S.,1,US,0,Cross-industry,cross-industry,1235
47-5071,99,U.S.,1,US,0,Cross-industry,cross-industry,1235
47-5080,99,U.S.,1,US,0,Cross-industry,cross-industry,1235
47-5081,99,U.S.,1,US,0,Cross-industry,cross-industry,1235
47-5090,99,U.S.,1,US,0,Cross-industry,cross-industry,1235
47-5099,99,U.S.,1,US,0,Cross-industry,cross-industry,1235
49-0000,99,U.S.,1,US,0,Cross-industry,cross-industry,1235
49-1000,99,U.S.,1,US,0,Cross-industry,cross-industry,1235
49-1010,99,U.S.,1,US,0,Cross-industry,cross-industry,1235
49-1011,99,U.S.,1,US,0,Cross-industry,cross-industry,1235
49-2000,99,U.S.,1,US,0,Cross-industry,cross-industry,1235
49-2010,99,U.S.,1,US,0,Cross-industry,cross-industry,1235
49-2011,99,U.S.,1,US,0,Cross-industry,cross-industry,1235
49-2020,99,U.S.,1,US,0,Cross-industry,cross-industry,1235
49-2021,99,U.S.,1,US,0,Cross-industry,cross-industry,1235
49-2022,99,U.S.,1,US,0,Cross-industry,cross-industry,1235
49-2090,99,U.S.,1,US,0,Cross-industry,cross-industry,1235
49-2091,99,U.S.,1,US,0,Cross-industry,cross-industry,1235
49-2092,99,U.S.,1,US,0,Cross-industry,cross-industry,1235
49-2093,99,U.S.,1,US,0,Cross-industry,cross-industry,1235
49-2094,99,U.S.,1,US,0,Cross-industry,cross-industry,1235
49-2095,99,U.S.,1,US,0,Cross-industry,cross-industry,1235
49-2096,99,U.S.,1,US,0,Cross-industry,cross-industry,1235
49-2097,99,U.S.,1,US,0,Cross-industry,cross-industry,1235
49-2098,99,U.S.,1,US,0,Cross-industry,cross-industry,1235
49-3000,99,U.S.,1,US,0,Cross-industry,cross-industry,1235
49-3010,99,U.S.,1,US,0,Cross-industry,cross-industry,1235
49-3011,99,U.S.,1,US,0,Cross-industry,cross-industry,1235
49-3020,99,U.S.,1,US,0,Cross-industry,cross-industry,1235
49-3021,99,U.S.,1,US,0,Cross-industry,cross-industry,1235
49-3022,99,U.S.,1,US,0,Cross-industry,cross-industry,1235
49-3023,99,U.S.,1,US,0,Cross-industry,cross-industry,1235
49-3030,99,U.S.,1,US,0,Cross-industry,cross-industry,1235
49-3031,99,U.S.,1,US,0,Cross-industry,cross-industry,1235
49-3040,99,U.S.,1,US,0,Cross-industry,cross-industry,1235
49-3041,99,U.S.,1,US,0,Cross-industry,cross-industry,1235
49-3042,99,U.S.,1,US,0,Cross-industry,cross-industry,1235
49-3043,99,U.S.,1,US,0,Cross-industry,cross-industry,1235
49-3050,99,U.S.,1,US,0,Cross-industry,cross-industry,1235
49-3051,99,U.S.,1,US,0,Cross-industry,cross-industry,1235
49-3052,99,U.S.,1,US,0,Cross-industry,cross-industry,1235
49-3053,99,U.S.,1,US,0,Cross-industry,cross-industry,1235
49-3090,99,U.S.,1,US,0,Cross-industry,cross-industry,1235
49-3091,99,U.S.,1,US,0,Cross-industry,cross-industry,1235
49-3092,99,U.S.,1,US,0,Cross-industry,cross-industry,1235
49-3093,99,U.S.,1,US,0,Cross-industry,cross-industry,1235
49-9000,99,U.S.,1,US,0,Cross-industry,cross-industry,1235
49-9010,99,U.S.,1,US,0,Cross-industry,cross-industry,1235
49-9011,99,U.S.,1,US,0,Cross-industry,cross-industry,1235
49-9012,99,U.S.,1,US,0,Cross-industry,cross-industry,1235
49-9020,99,U.S.,1,US,0,Cross-industry,cross-industry,1235
49-9021,99,U.S.,1,US,0,Cross-industry,cross-industry,1235
49-9030,99,U.S.,1,US,0,Cross-industry,cross-industry,1235
49-9031,99,U.S.,1,US,0,Cross-industry,cross-industry,1235
49-9040,99,U.S.,1,US,0,Cross-industry,cross-industry,1235
49-9041,99,U.S.,1,US,0,Cross-industry,cross-industry,1235
49-9043,99,U.S.,1,US,0,Cross-industry,cross-industry,1235
49-9044,99,U.S.,1,US,0,Cross-industry,cross-industry,1235
49-9045,99,U.S.,1,US,0,Cross-industry,cross-industry,1235
49-9050,99,U.S.,1,US,0,Cross-industry,cross-industry,1235
49-9051,99,U.S.,1,US,0,Cross-industry,cross-industry,1235
49-9052,99,U.S.,1,US,0,Cross-industry,cross-industry,1235
49-9060,99,U.S.,1,US,0,Cross-industry,cross-industry,1235
49-9061,99,U.S.,1,US,0,Cross-industry,cross-industry,1235
49-9062,99,U.S.,1,US,0,Cross-industry,cross-industry,1235
49-9063,99,U.S.,1,US,0,Cross-industry,cross-industry,1235
49-9064,99,U.S.,1,US,0,Cross-industry,cross-industry,1235
49-9069,99,U.S.,1,US,0,Cross-industry,cross-industry,1235
49-9070,99,U.S.,1,US,0,Cross-industry,cross-industry,1235
49-9071,99,U.S.,1,US,0,Cross-industry,cross-industry,1235
49-9080,99,U.S.,1,US,0,Cross-industry,cross-industry,1235
49-9081,99,U.S.,1,US,0,Cross-industry,cross-industry,1235
49-9090,99,U.S.,1,US,0,Cross-industry,cross-industry,1235
49-9091,99,U.S.,1,US,0,Cross-industry,cross-industry,1235
49-9092,99,U.S.,1,US,0,Cross-industry,cross-industry,1235
49-9094,99,U.S.,1,US,0,Cross-industry,cross-industry,1235
49-9095,99,U.S.,1,US,0,Cross-industry,cross-industry,1235
49-9096,99,U.S.,1,US,0,Cross-industry,cross-industry,1235
49-9097,99,U.S.,1,US,0,Cross-industry,cross-industry,1235
49-9098,99,U.S.,1,US,0,Cross-industry,cross-industry,1235
49-9099,99,U.S.,1,US,0,Cross-industry,cross-industry,1235
51-0000,99,U.S.,1,US,0,Cross-industry,cross-industry,1235
51-1000,99,U.S.,1,US,0,Cross-industry,cross-industry,1235
51-1010,99,U.S.,1,US,0,Cross-industry,cross-industry,1235
51-1011,99,U.S.,1,US,0,Cross-industry,cross-industry,1235
51-2000,99,U.S.,1,US,0,Cross-industry,cross-industry,1235
51-2010,99,U.S.,1,US,0,Cross-industry,cross-industry,1235
51-2011,99,U.S.,1,US,0,Cross-industry,cross-industry,1235
51-2020,99,U.S.,1,US,0,Cross-industry,cross-industry,1235
51-2021,99,U.S.,1,US,0,Cross-industry,cross-industry,1235
51-2028,99,U.S.,1,US,0,Cross-industry,cross-industry,1235
51-2030,99,U.S.,1,US,0,Cross-industry,cross-industry,1235
51-2031,99,U.S.,1,US,0,Cross-industry,cross-industry,1235
51-2040,99,U.S.,1,US,0,Cross-industry,cross-industry,1235
51-2041,99,U.S.,1,US,0,Cross-industry,cross-industry,1235
51-2050,99,U.S.,1,US,0,Cross-industry,cross-industry,1235
51-2051,99,U.S.,1,US,0,Cross-industry,cross-industry,1235
51-2060,99,U.S.,1,US,0,Cross-industry,cross-industry,1235
51-2061,99,U.S.,1,US,0,Cross-industry,cross-industry,1235
51-2090,99,U.S.,1,US,0,Cross-industry,cross-industry,1235
51-2090,99,U.S.,1,US,0,Cross-industry,cross-industry,1235
51-3000,99,U.S.,1,US,0,Cross-industry,cross-industry,1235
51-3010,99,U.S.,1,US,0,Cross-industry,cross-industry,1235
51-3011,99,U.S.,1,US,0,Cross-industry,cross-industry,1235
51-3020,99,U.S.,1,US,0,Cross-industry,cross-industry,1235
51-3021,99,U.S.,1,US,0,Cross-industry,cross-industry,1235
51-3022,99,U.S.,1,US,0,Cross-industry,cross-industry,1235
51-3023,99,U.S.,1,US,0,Cross-industry,cross-industry,1235
51-3090,99,U.S.,1,US,0,Cross-industry,cross-industry,1235
51-3091,99,U.S.,1,US,0,Cross-industry,cross-industry,1235
51-3092,99,U.S.,1,US,0,Cross-industry,cross-industry,1235
51-3093,99,U.S.,1,US,0,Cross-industry,cross-industry,1235
51-3099,99,U.S.,1,US,0,Cross-industry,cross-industry,1235
51-4000,99,U.S.,1,US,0,Cross-industry,cross-industry,1235
51-4020,99,U.S.,1,US,0,Cross-industry,cross-industry,1235
51-4021,99,U.S.,1,US,0,Cross-industry,cross-industry,1235
51-4022,99,U.S.,1,US,0,Cross-industry,cross-industry,1235
51-4023,99,U.S.,1,US,0,Cross-industry,cross-industry,1235
51-4030,99,U.S.,1,US,0,Cross-industry,cross-industry,1235
51-4031,99,U.S.,1,US,0,Cross-industry,cross-industry,1235
51-4032,99,U.S.,1,US,0,Cross-industry,cross-industry,1235
51-4033,99,U.S.,1,US,0,Cross-industry,cross-industry,1235
51-4034,99,U.S.,1,US,0,Cross-industry,cross-industry,1235
51-4035,99,U.S.,1,US,0,Cross-industry,cross-industry,1235
51-4040,99,U.S.,1,US,0,Cross-industry,cross-industry,1235
51-4041,99,U.S.,1,US,0,Cross-industry,cross-industry,1235
51-4050,99,U.S.,1,US,0,Cross-industry,cross-industry,1235
51-4051,99,U.S.,1,US,0,Cross-industry,cross-industry,1235
51-4052,99,U.S.,1,US,0,Cross-industry,cross-industry,1235
51-4060,99,U.S.,1,US,0,Cross-industry,cross-industry,1235
51-4061,99,U.S.,1,US,0,Cross-industry,cross-industry,1235
51-4062,99,U.S.,1,US,0,Cross-industry,cross-industry,1235
51-4070,99,U.S.,1,US,0,Cross-industry,cross-industry,1235
51-4071,99,U.S.,1,US,0,Cross-industry,cross-industry,1235
51-4072,99,U.S.,1,US,0,Cross-industry,cross-industry,1235
51-4080,99,U.S.,1,US,0,Cross-industry,cross-industry,1235
51-4081,99,U.S.,1,US,0,Cross-industry,cross-industry,1235
51-4110,99,U.S.,1,US,0,Cross-industry,cross-industry,1235
51-4111,99,U.S.,1,US,0,Cross-industry,cross-industry,1235
51-4120,99,U.S.,1,US,0,Cross-industry,cross-industry,1235
51-4121,99,U.S.,1,US,0,Cross-industry,cross-industry,1235
51-4122,99,U.S.,1,US,0,Cross-industry,cross-industry,1235
51-4190,99,U.S.,1,US,0,Cross-industry,cross-industry,1235
51-4191,99,U.S.,1,US,0,Cross-industry,cross-industry,1235
51-4192,99,U.S.,1,US,0,Cross-industry,cross-industry,1235
51-4193,99,U.S.,1,US,0,Cross-industry,cross-industry,1235
51-4194,99,U.S.,1,US,0,Cross-industry,cross-industry,1235
51-4199,99,U.S.,1,US,0,Cross-industry,cross-industry,1235
51-5100,99,U.S.,1,US,0,Cross-industry,cross-industry,1235
51-5110,99,U.S.,1,US,0,Cross-industry,cross-industry,1235
51-5111,99,U.S.,1,US,0,Cross-industry,cross-industry,1235
51-5112,99,U.S.,1,US,0,Cross-industry,cross-industry,1235
51-5113,99,U.S.,1,US,0,Cross-industry,cross-industry,1235
51-6000,99,U.S.,1,US,0,Cross-industry,cross-industry,1235
51-6010,99,U.S.,1,US,0,Cross-industry,cross-industry,1235
51-6011,99,U.S.,1,US,0,Cross-industry,cross-industry,1235
51-6020,99,U.S.,1,US,0,Cross-industry,cross-industry,1235
51-6021,99,U.S.,1,US,0,Cross-industry,cross-industry,1235
51-6030,99,U.S.,1,US,0,Cross-industry,cross-industry,1235
51-6031,99,U.S.,1,US,0,Cross-industry,cross-industry,1235
51-6040,99,U.S.,1,US,0,Cross-industry,cross-industry,1235
51-6041,99,U.S.,1,US,0,Cross-industry,cross-industry,1235
51-6042,99,U.S.,1,US,0,Cross-industry,cross-industry,1235
51-6050,99,U.S.,1,US,0,Cross-industry,cross-industry,1235
51-6051,99,U.S.,1,US,0,Cross-industry,cross-industry,1235
51-6052,99,U.S.,1,US,0,Cross-industry,cross-industry,1235
51-6060,99,U.S.,1,US,0,Cross-industry,cross-industry,1235
51-6061,99,U.S.,1,US,0,Cross-industry,cross-industry,1235
51-6062,99,U.S.,1,US,0,Cross-industry,cross-industry,1235
51-6063,99,U.S.,1,US,0,Cross-industry,cross-industry,1235
51-6064,99,U.S.,1,US,0,Cross-industry,cross-industry,1235
51-6090,99,U.S.,1,US,0,Cross-industry,cross-industry,1235
51-6091,99,U.S.,1,US,0,Cross-industry,cross-industry,1235
51-6092,99,U.S.,1,US,0,Cross-industry,cross-industry,1235
51-6093,99,U.S.,1,US,0,Cross-industry,cross-industry,1235
51-6099,99,U.S.,1,US,0,Cross-industry,cross-industry,1235
51-7000,99,U.S.,1,US,0,Cross-industry,cross-industry,1235
51-7010,99,U.S.,1,US,0,Cross-industry,cross-industry,1235
51-7011,99,U.S.,1,US,0,Cross-industry,cross-industry,1235
51-7020,99,U.S.,1,US,0,Cross-industry,cross-industry,1235
51-7021,99,U.S.,1,US,0,Cross-industry,cross-industry,1235
51-7030,99,U.S.,1,US,0,Cross-industry,cross-industry,1235
51-7031,99,U.S.,1,US,0,Cross-industry,cross-industry,1235
51-7032,99,U.S.,1,US,0,Cross-industry,cross-industry,1235
51-7040,99,U.S.,1,US,0,Cross-industry,cross-industry,1235
51-7041,99,U.S.,1,US,0,Cross-industry,cross-industry,1235
51-7042,99,U.S.,1,US,0,Cross-industry,cross-industry,1235
51-7090,99,U.S.,1,US,0,Cross-industry,cross-industry,1235
51-7099,99,U.S.,1,US,0,Cross-industry,cross-industry,1235
51-8000,99,U.S.,1,US,0,Cross-industry,cross-industry,1235
51-8010,99,U.S.,1,US,0,Cross-industry,cross-industry,1235
51-8011,99,U.S.,1,US,0,Cross-industry,cross-industry,1235
51-8012,99,U.S.,1,US,0,Cross-industry,cross-industry,1235
51-8013,99,U.S.,1,US,0,Cross-industry,cross-industry,1235
51-8020,99,U.S.,1,US,0,Cross-industry,cross-industry,1235
51-8021,99,U.S.,1,US,0,Cross-industry,cross-industry,1235
51-8030,99,U.S.,1,US,0,Cross-industry,cross-industry,1235
51-8031,99,U.S.,1,US,0,Cross-industry,cross-industry,1235
51-8090,99,U.S.,1,US,0,Cross-industry,cross-industry,1235
51-8091,99,U.S.,1,US,0,Cross-industry,cross-industry,1235
51-8092,99,U.S.,1,US,0,Cross-industry,cross-industry,1235
51-8093,99,U.S.,1,US,0,Cross-industry,cross-industry,1235
51-8099,99,U.S.,1,US,0,Cross-industry,cross-industry,1235
51-9000,99,U.S.,1,US,0,Cross-industry,cross-industry,1235
51-9010,99,U.S.,1,US,0,Cross-industry,cross-industry,1235
51-9011,99,U.S.,1,US,0,Cross-industry,cross-industry,1235
51-9012,99,U.S.,1,US,0,Cross-industry,cross-industry,1235
51-9020,99,U.S.,1,US,0,Cross-industry,cross-industry,1235
51-9021,99,U.S.,1,US,0,Cross-industry,cross-industry,1235
51-9022,99,U.S.,1,US,0,Cross-industry,cross-industry,1235
51-9023,99,U.S.,1,US,0,Cross-industry,cross-industry,1235
51-9030,99,U.S.,1,US,0,Cross-industry,cross-industry,1235
51-9031,99,U.S.,1,US,0,Cross-industry,cross-industry,1235
51-9032,99,U.S.,1,US,0,Cross-industry,cross-industry,1235
51-9040,99,U.S.,1,US,0,Cross-industry,cross-industry,1235
51-9041,99,U.S.,1,US,0,Cross-industry,cross-industry,1235
51-9050,99,U.S.,1,US,0,Cross-industry,cross-industry,1235
51-9051,99,U.S.,1,US,0,Cross-industry,cross-industry,1235
51-9060,99,U.S.,1,US,0,Cross-industry,cross-industry,1235
51-9061,99,U.S.,1,US,0,Cross-industry,cross-industry,1235
51-9070,99,U.S.,1,US,0,Cross-industry,cross-industry,1235
51-9071,99,U.S.,1,US,0,Cross-industry,cross-industry,1235
51-9080,99,U.S.,1,US,0,Cross-industry,cross-industry,1235
51-9081,99,U.S.,1,US,0,Cross-industry,cross-industry,1235
51-9082,99,U.S.,1,US,0,Cross-industry,cross-industry,1235
51-9083,99,U.S.,1,US,0,Cross-industry,cross-industry,1235
51-9110,99,U.S.,1,US,0,Cross-industry,cross-industry,1235
51-9111,99,U.S.,1,US,0,Cross-industry,cross-industry,1235
51-9120,99,U.S.,1,US,0,Cross-industry,cross-industry,1235
51-9123,99,U.S.,1,US,0,Cross-industry,cross-industry,1235
51-9124,99,U.S.,1,US,0,Cross-industry,cross-industry,1235
51-9140,99,U.S.,1,US,0,Cross-industry,cross-industry,1235
51-9141,99,U.S.,1,US,0,Cross-industry,cross-industry,1235
51-9150,99,U.S.,1,US,0,Cross-industry,cross-industry,1235
51-9151,99,U.S.,1,US,0,Cross-industry,cross-industry,1235
51-9160,99,U.S.,1,US,0,Cross-industry,cross-industry,1235
51-9161,99,U.S.,1,US,0,Cross-industry,cross-industry,1235
51-9162,99,U.S.,1,US,0,Cross-industry,cross-industry,1235
51-9190,99,U.S.,1,US,0,Cross-industry,cross-industry,1235
51-9191,99,U.S.,1,US,0,Cross-industry,cross-industry,1235
51-9192,99,U.S.,1,US,0,Cross-industry,cross-industry,1235
51-9193,99,U.S.,1,US,0,Cross-industry,cross-industry,1235
51-9194,99,U.S.,1,US,0,Cross-industry,cross-industry,1235
51-9195,99,U.S.,1,US,0,Cross-industry,cross-industry,1235
51-9196,99,U.S.,1,US,0,Cross-industry,cross-industry,1235
51-9197,99,U.S.,1,US,0,Cross-industry,cross-industry,1235
51-9198,99,U.S.,1,US,0,Cross-industry,cross-industry,1235
51-9199,99,U.S.,1,US,0,Cross-industry,cross-industry,1235
53-0000,99,U.S.,1,US,0,Cross-industry,cross-industry,1235
53-1000,99,U.S.,1,US,0,Cross-industry,cross-industry,1235
53-1040,99,U.S.,1,US,0,Cross-industry,cross-industry,1235
53-1041,99,U.S.,1,US,0,Cross-industry,cross-industry,1235
53-1047,99,U.S.,1,US,0,Cross-industry,cross-industry,1235
53-2000,99,U.S.,1,US,0,Cross-industry,cross-industry,1235
53-2010,99,U.S.,1,US,0,Cross-industry,cross-industry,1235
53-2011,99,U.S.,1,US,0,Cross-industry,cross-industry,1235
53-2012,99,U.S.,1,US,0,Cross-industry,cross-industry,1235
53-2020,99,U.S.,1,US,0,Cross-industry,cross-industry,1235
53-2021,99,U.S.,1,US,0,Cross-industry,cross-industry,1235
53-2022,99,U.S.,1,US,0,Cross-industry,cross-industry,1235
53-2030,99,U.S.,1,US,0,Cross-industry,cross-industry,1235
53-2031,99,U.S.,1,US,0,Cross-industry,cross-industry,1235
53-3000,99,U.S.,1,US,0,Cross-industry,cross-industry,1235
53-3010,99,U.S.,1,US,0,Cross-industry,cross-industry,1235
53-3011,99,U.S.,1,US,0,Cross-industry,cross-industry,1235
53-3030,99,U.S.,1,US,0,Cross-industry,cross-industry,1235
53-3031,99,U.S.,1,US,0,Cross-industry,cross-industry,1235
53-3032,99,U.S.,1,US,0,Cross-industry,cross-industry,1235
53-3033,99,U.S.,1,US,0,Cross-industry,cross-industry,1235
53-3050,99,U.S.,1,US,0,Cross-industry,cross-industry,1235
53-3051,99,U.S.,1,US,0,Cross-industry,cross-industry,1235
53-3052,99,U.S.,1,US,0,Cross-industry,cross-industry,1235
53-3053,99,U.S.,1,US,0,Cross-industry,cross-industry,1235
53-3054,99,U.S.,1,US,0,Cross-industry,cross-industry,1235
53-3090,99,U.S.,1,US,0,Cross-industry,cross-industry,1235
53-3099,99,U.S.,1,US,0,Cross-industry,cross-industry,1235
53-4000,99,U.S.,1,US,0,Cross-industry,cross-industry,1235
53-4010,99,U.S.,1,US,0,Cross-industry,cross-industry,1235
53-4011,99,U.S.,1,US,0,Cross-industry,cross-industry,1235
53-4013,99,U.S.,1,US,0,Cross-industry,cross-industry,1235
53-4020,99,U.S.,1,US,0,Cross-industry,cross-industry,1235
53-4022,99,U.S.,1,US,0,Cross-industry,cross-industry,1235
53-4030,99,U.S.,1,US,0,Cross-industry,cross-industry,1235
53-4031,99,U.S.,1,US,0,Cross-industry,cross-industry,1235
53-4040,99,U.S.,1,US,0,Cross-industry,cross-industry,1235
53-4041,99,U.S.,1,US,0,Cross-industry,cross-industry,1235
53-4090,99,U.S.,1,US,0,Cross-industry,cross-industry,1235
53-4099,99,U.S.,1,US,0,Cross-industry,cross-industry,1235
53-5000,99,U.S.,1,US,0,Cross-industry,cross-industry,1235
53-5010,99,U.S.,1,US,0,Cross-industry,cross-industry,1235
53-5011,99,U.S.,1,US,0,Cross-industry,cross-industry,1235
53-5020,99,U.S.,1,US,0,Cross-industry,cross-industry,1235
53-5021,99,U.S.,1,US,0,Cross-industry,cross-industry,1235
53-5022,99,U.S.,1,US,0,Cross-industry,cross-industry,1235
53-5030,99,U.S.,1,US,0,Cross-industry,cross-industry,1235
53-5031,99,U.S.,1,US,0,Cross-industry,cross-industry,1235
53-6000,99,U.S.,1,US,0,Cross-industry,cross-industry,1235
53-6010,99,U.S.,1,US,0,Cross-industry,cross-industry,1235
53-6011,99,U.S.,1,US,0,Cross-industry,cross-industry,1235
53-6020,99,U.S.,1,US,0,Cross-industry,cross-industry,1235
53-6021,99,U.S.,1,US,0,Cross-industry,cross-industry,1235
53-6030,99,U.S.,1,US,0,Cross-industry,cross-industry,1235
53-6031,99,U.S.,1,US,0,Cross-industry,cross-industry,1235
53-6032,99,U.S.,1,US,0,Cross-industry,cross-industry,1235
53-6040,99,U.S.,1,US,0,Cross-industry,cross-industry,1235
53-6041,99,U.S.,1,US,0,Cross-industry,cross-industry,1235
53-6050,99,U.S.,1,US,0,Cross-industry,cross-industry,1235
53-6051,99,U.S.,1,US,0,Cross-industry,cross-industry,1235
53-6060,99,U.S.,1,US,0,Cross-industry,cross-industry,1235
53-6061,99,U.S.,1,US,0,Cross-industry,cross-industry,1235
53-6090,99,U.S.,1,US,0,Cross-industry,cross-industry,1235
53-6099,99,U.S.,1,US,0,Cross-industry,cross-industry,1235
53-7000,99,U.S.,1,US,0,Cross-industry,cross-industry,1235
53-7010,99,U.S.,1,US,0,Cross-industry,cross-industry,1235
53-7011,99,U.S.,1,US,0,Cross-industry,cross-industry,1235
53-7020,99,U.S.,1,US,0,Cross-industry,cross-industry,1235
53-7021,99,U.S.,1,US,0,Cross-industry,cross-industry,1235
53-7030,99,U.S.,1,US,0,Cross-industry,cross-industry,1235
53-7031,99,U.S.,1,US,0,Cross-industry,cross-industry,1235
53-7040,99,U.S.,1,US,0,Cross-industry,cross-industry,1235
53-7041,99,U.S.,1,US,0,Cross-industry,cross-industry,1235
53-7050,99,U.S.,1,US,0,Cross-industry,cross-industry,1235
53-7051,99,U.S.,1,US,0,Cross-industry,cross-industry,1235
53-7060,99,U.S.,1,US,0,Cross-industry,cross-industry,1235
53-7061,99,U.S.,1,US,0,Cross-industry,cross-industry,1235
53-7062,99,U.S.,1,US,0,Cross-industry,cross-industry,1235
53-7063,99,U.S.,1,US,0,Cross-industry,cross-industry,1235
53-7064,99,U.S.,1,US,0,Cross-industry,cross-industry,1235
53-7065,99,U.S.,1,US,0,Cross-industry,cross-industry,1235
53-7070,99,U.S.,1,US,0,Cross-industry,cross-industry,1235
53-7071,99,U.S.,1,US,0,Cross-industry,cross-industry,1235
53-7072,99,U.S.,1,US,0,Cross-industry,cross-industry,1235
53-7073,99,U.S.,1,US,0,Cross-industry,cross-industry,1235
53-7080,99,U.S.,1,US,0,Cross-industry,cross-industry,1235
53-7081,99,U.S.,1,US,0,Cross-industry,cross-industry,1235
53-7120,99,U.S.,1,US,0,Cross-industry,cross-industry,1235
53-7121,99,U.S.,1,US,0,Cross-industry,cross-industry,1235
53-7190,99,U.S.,1,US,0,Cross-industry,cross-industry,1235
53-7199,99,U.S.,1,US,0,Cross-industry,cross-industry,1235
